Regular price,Alavont image_url,Alavont iname,Alavont idescription,Alavont I category,Alavont in_stock,Alavont I is_upsell,Alavont I id,Alavont I created_date,Alavont I updated_date,Alavont I created_by_id,Alavont I created_by,Alavont I is_sample,Homie Price,Lucifr Cruz- Name,Alavont image_url
60,"data:image/jpeg;base64,/9j/4AAQSkZJRgABAQAAAQABAAD/2wCEAAkGBxMTEhUSEhIWFhUXFxcXFxcXFxgYFxUXGhUXGBcXGBcaHyggGBolHRcVITEhJSkrLi4uFx8zODMtNygtLisBCgoKDg0OFxAQGi0dHR0tKy0tLS0tLSstLS0rLS0tLS0tLS0tLS0tLS0tLS0tKy0tLS0rLS0rLS0tLS0tLS0tLf/AABEIALgBEgMBIgACEQEDEQH/xAAcAAACAwEBAQEAAAAAAAAAAAAAAQIEBQMGBwj/xABGEAACAgEDAQYDBAYFCQkAAAABAgARAwQSITEFBiJBUWETcYEykaGxFCNCUsHwBzOy0eEWQ2JjcoKSk/EXJDRToqOz0tP/xAAZAQEBAQEBAQAAAAAAAAAAAAAAAQIDBAX/xAAjEQEBAAICAgMAAgMAAAAAAAAAAQIRAyESMRNBUSJxBDJh/9oADAMBAAIRAxEAPwD5HcIpKd3EQgREIBCO5EwHHFAwAxRmKQEDCEoIo4pBy1J8P1nLEJ01XT6yCDiZ+3TH0lfM6Azmsm0VuIZJZ7NP6wfOVsgnXs8+MSDT7T27BzzZ+7ymdgq+ZY12P3/wnHFjHrB9uuszhjx6SuvSTygXxIL0+s1PTGRCFxVHDAuEIVARikpGoUqjqMQMBGK4XFIC4RxQqwI4RTbmI4oQoJigYSBiOIQMoDARSQgIiAECY4CqKpK4oFfVdB85FIajrJL6TM9uk9AGSuAxX/1E7LpzJW4rsY9IfGAJ1bTt+7DSYGGReDd+nvIOuqxEVfn0k8OnuXNT2dlJFrxQ5JA6ix1PoZaw9jOFDfFwg/u/EtvuUGvvjSsbVYdjbbucitce5mn2zgVXBGVH4B8O7wnzU2AQQfpMoZLJH1moxkISRERl057KOKFyAMUCZG4VIxRQgOoiIXHII7YQhAswgDCbYFQhAmDaJhCo6kUoQhKCAihIHcDCKUMQgI4HPMtnpzObKRwRO6DxzSGITjnyeNd+PDcYe6v7p2TJXRgDN3Hph1nErjB5F/KY+aV0vHpl/Gb99foVM7Jq2J5yCvmBLTZEB4Ra91EsDT7trDEKP2aUc0aNevM15xnxcNN2hsPGWhz5oT+IM6Ze3chQKNS5HPhBrr7KJv8AZuUDC/8A3IPsZd+X4K7cYPG1m20pJK9ele80e+/beLb+jLixighYqOQdinqOh5N1xzNfJPR4vnLPZs7j/H74KoHInTK3WccY4+suN255zUS3SLNJBYbZrtz6cyYp02wqNLtCo6kqgYTZCKpKKFKKpKIwFCOopBYjqK4XNsCoGKFwCMRGOFFRGOEIjHHUUKDEI7hAIRXCA8ZpxNVJjftCa2nvgDqSAPmTQnl5ZvJ6uK6xXDkVUJ/C/OZTc8z0I7EZhYZyCLFnE3Xpw22j9YDu1kPr9cF/imQzOPHr7ayytedxkA8ix6ev1nUZDXBPh6c9OfL0m+e6eS/Lp/5GpFc+ZCmSTull6cf8nWf/AJTUw7ZeeTUsAQGYA3YDGjYo368cSu09avcnOeij/lagf2lEs6buHqD+zfsMSCvf9ZlH5TXijwpXgnrIaceH6z6Tre5eTBhfIznwC6V1Wz/solEX6tPnbLRcf6b/ANozpx+3Pk9IQMdRTo4kZGShIqIgY4QIxSVQkUhFHAwFUI4QrpCKOaZEBCFwCBjgYChFC4Q4oXCFEcKiMBRgwjXrA6YcJZvCLrr6D5k8CbPZGlLGz052n26M49qsD1Le0q9k6YO9N8+gNfQ8T02mxhenU9SepnLL29GHpoY2Amjpsh4mLuZrCVx1Y8i/3QPM+p6D59Lel1jqP1mIiuSw6ADqTyRx14a+vEw29Fhb2l7E1fdM/ClfTiXsIE0Lan+MuYTKmEc1/InfJk2IWq9ouifu6yiXaWIvjdRySOB6kHcF+pAH1nwLtvRnFlceV8H18KkH2tSrV/pz9C5gRfnVz4//AEoYFXPjoUXV2PA67hYvrVsxryLGqHAuPtz5J08STFCK50ec4CAhCkYQjkQVFUcIEYGOo4VGEKjgOFxxSguIQqFSB3AGIQlEoSIMYgBgIGEAuEjHcAjQyJkkgbfYH2/pPQJ1nn+wh4/pPQoJyz9vTj6T7NNM6nyNj2Bs/wB33zY3LRDdGG2gCSQQboDrxZ+QuZePDZsMVPA4og10tTwfwPvLmmw7so+IQSFBWrAam8XB+zR2GubsWTVDDTV7Jz7lUEneFBYEEMaFF9p5KmrB95qHOqDcxCi659fIADkk+g5mbmxg4yWRWKglAboP0WiCCpviwQeZd7M0woZCSXNkOxJYISdqgnoAu3p1Is2eZqC9pNUrNtG4NV7HUo9eZCnqPcWOfXiLtnVlMZ2IMjcFsX7bY9uRiQAetYzV8EgDznU4FZdri6Ng8gqf3lYcq3uDct9n4lSwo6m2PJLN0JZjyx+cqFhznInUFlCjIKra+0Egg8rZ6X5HifKf6U/6/EP9W3/yGfXciAc1yQFuudoJIF+gJPHuZ8h/pU/8TjHpjP45Glx9s5/6vDmIiSMU6PMUlFCRQYo7iuUOEQMBIHCEJUKEI4BHI7owYVICIwuRuA4oriuBKEUdyAEIQlBUUdQEgVSaRSSCUbHY2QB+fT+TPSp1njEJBBH8/Kep7H1O9aPUfT04HtyCPY15Tln7r04emtiE7ZmcHGUXcQ9kcDcBjyErZ6XQkMQlv9FGTbbMNrFhtJU3sdK3Agj7d+9V5zm2s9nplfGm5kG5MZIOMlt1K13v2ghqP2a4E3tNgCBUXoqgD5AbeffiZnZSKipiDqWREWrG4hVAvbdjgTVLBQWsGjRrnkkCjXTkj75qC1jX295Y04v2P88yquVN2zem8HlN67xXUFbsH1l7AOJpCcT49/SjlB1agfs4wD7Hcx/IifYtQ21S3oD/AIC/K+n1nwDvLrjm1GXJ1tjR9QDQP1q/rNYe3PP0xmijMU24ARkRXC5AhCEIBUkJESQgEIGRuBL+ekJG4QJVFAxQAmK4SMipXCRkqhThAQqEEYiJEEtvsqW+QMuzR3AGW8HZuVvJUHq52/4/hOy9nYwayZvoi/xavyja6Z1wTIPnPSaXTaIA2mQmrUtbbj6UKAHzlTOqHpgUe/QfQAybq6iqRyKPkJo9l6ja6+lgfiT+W8f7wlLVYgNm3zXxD0bc38NsliJHPyPPPQg0a8vL6zhnl/J6MZ/F9AxD2mnpZ4TTd4cq9Rdf6QP9pAf/AFTT03e9h1xnj/Vg+t/ZzfwhrbezdkZHbKAmKsmXC65if1mEY1xg7QF3FrRq8VeLn0ljU92sjnUeIBMuV8rY7NNkXJenNgeFNlFh64k95ip37Uf5o/8ADkH5bpcx/wBIyD/NH7sn/wBZqM3T2GDs2tVmz7VAyY8KggDfuV87OzceYyIL869pqIntPn3/AGlKOmL/ANt2/PIsrZv6SshBCIR6GsSf2jl/KVNvY989X8LSuQaJ4HzPAr5MVP0nwbP909d213j1GqRhkXwizduxBogUfDjUc80lmeSzzWGU37Z5JdKpihAzbziIwjBgKEIQAQuEcCJMI4CFR5hJVCAyIATpiBbhFZvkCZNtM460vzNn7hG4SVwKSJE7nB6sfoK/OQ+D6D+MztqYuJIjJ9pYGlPnxOi6Ued/QSdrqKgs+0kmG+pMvJhUeX3zsqewl1adK2PEF6KCfUi/zuWDnc8byB6Dp9w4kWxxhJdJs79STEHj2SNVLodvjH1j3e84oAT14869JdGjD5CmE+GrDZCF4AHUjgWeg94tkWRQznxCWMYkdbomRlpWINAHbYLdKBHv09Zc7P0mTJlGFUPxCa2ngj13X9kAcm54+a/b08X4iiVOnwAQeJ6nR9xtQ6K7EJZIZWBvGAGprHDA0BQIIuHZfc3O4yb2XEUbYQQzG/DzQ6qb639J5ba9E08vpERiFYD5y02gQuq8DdX3c2B9R+M08ndTNhZicGRgt+JVLKQGretdVPB+Rk8GEWpI5Ar6df4zjyctxvVrphhLO1DRdj043BevAPRhf4cTrrez9qhlUfbPPseJeGJQAbsrXJJFkDqQJf1BRgPIclb8I4Fcj06feJw+a27rfxz0w+11C4SP5vynjs2nZuePlPRd5NWGOwECib9N3kB9JY/yR1Bx6dsOLJk+NiVzQFIzE0vW62gckAXc+l/hY+OG8utvF/k3eXX08YdC/wDJnNsDD9lpsP8AyPOKe/weTbHa/cfMQU+pH4zaEi2BT5D7o1TpkgH2++MqaujXr1EvPpF9JyOiXysSdmorFYpa/Qq6Mfvi/Rm/ev5j++XdPGOGw9ajfGR1BH0kWxEH+ak2zsLVGJ3LTbvndD0HAjaeLncciMLnmm5hG08WzqNTkfhnJHp5f8IoTmMA9T9OB+EqabVno/Pv5zQBsWDYlk2qK4x5SQXyklAl7trBix5mTCXbGNtFwFY2oJ4Hld17S6GecYhtnXDkplNA0wNMLU0fMeYmt3qz4smUNhwrjXYu/wCH9nd03ULC8AdPzlvVNdMVMJPT8xPUabuLnfGmRMuJg+wEAtaFuoPFUo5JHuB5XR1up/Tc2FRsS1THuXEqKOa3MMYJIHr+U9ToO5+TaMOXJsAYrQLupUnxONh4sgcN0nLk5PHXenTDCXfW3iU7KyHN+jhd2TdtpSGs+xHBl3s7u8dQlYCzZ/i7Ph7Ts201scvRTa1R9RPZ9i9ygmNhkwrvJKDKrl3xnxbMqDw7Ford9fMVPNdndg6hcg+GuY4MmRgMiOqMVXIVL7Ver4J+4jrJ8sy3q+l+PXt53tfQZNPlOLKPEADx0KsoYEe1H859A7B0yN2en6rG2wqdwO7kOT8RQ3nzytfScu3+yny4fgY+z9jqAyZC6kAIQCrZDxwCRt3deamt3c0fwMQx7NtKu/axcO1El63V1J4ry9Jw5uXeE71XTiw1kj3h7u4tRi+ENiZ0N/EVAAW2ry+0DerdPpcn3c7r6XDe3blysB/WqGABA3ANQ8PWjXnz7a2LUY7Aa954DMvDX08Q+yOfPiXNPqV3thBWxVha8JBF8jqDPL8t8fHb0fH3vTnn7M3KQca+VKnAtB4KPABA6Hy5mF2XhxoxVcK7yyl3FHLuBPDNde1+YnrDqGBCmmYqTS3QroaPrXSZeDPjXIUahkLkcL+0aKlm8iQAPmDMeW/tuT/jnrsmci/hEXzwbFbR1UfKPSa409qwJ/q2KMADxQNdLND6jibejawSelkEH1HH8JYzY1IPhsHjnmweo+XEeF97PKfjB7I1BbwnchJJBAPhbzVSeKPIqYOr7nK2pZ0zp8IsxfEAVcNxvVWBKgbiDflur0nsH272U1TjdXA5Brr864+chlzscZbG4DqPsEgC7pgw2k9PMekzMetUt73Hj+0O7mnLhVfLjDUNocUw5rcz7iCeBuWun1npexxgN48SBFbhlFc0u0g8Wb5HU9PnK3bWLE67y1DcqEKWa1JXd0BI+0eeR59JIdjY0wlcWVg2MFryZFACg7iSwXwr16dLkku94rbNdvE98P6PcWmx5NTpmfbjALY3IfYNwtt5NhQD0onj05j7C7X1C6bFjXOMRVGKeFshyhspIquhQEkcEHoZsf5cj7eMPkZhtYbQFpaIbcTTWOCK9+Ok8H3iZPjs2MBQ5LnGOmFizAoPI8ANx03keU+jxeWc1lHjzkxu43Nb2Fp8uIsDnbW5QclMBiD5SrZHQKygEnxHavPAo8kTw+6XG1LcHcbAoEkkge3pKVT1Yyz24ZWV6dNTpjoCDpl+OqkLmBAN/EB8QsFmAJHQmvaecYyNcSY6RMdFu0C8VxEcyQXiXTJBoiREYzjv84WIBLEpMoBNzTbHQmXrjQ+fEzVamDtHCFUE8gAHwnrUJhDEfSEmzSWLLctYc5Xkf4TLBnbHmklGwmsB68H8J2yZLN2T85kggid9PqCD7TcyTT3vY3Y2lfThwzPqTVYntcTbiVrcK219oMWrw8jmZ51b6UPhR2GQ2uZbXYrI/h2kXu+czNNrTtAXIaBsL5X8p37M15xZhlKq/Wwyhg19bBk1f7a3P6er7r59KmnfUZFbLqmZuBYPJPIqht/ePvLyd62b4aWcCCyaByFePsr5uD05qeJw68qWKHarMW2Dhau9telcS5pO0yzgOAQW8hyLPAHPQTlycW7uumPJrqPbdn95trHGmQ5WdvAHUptBU2DwfT/pNfHlFDcVW15Xwq12DYNbAfUD0nh+0tFkwK7Pp8quCKcAlAP3w/pJavWjUDIfhlgyArtYko4ABcnzs9bE894fx1nJ+voWrzY9zM7syMoFAgAG+T6EGxz7Thm7EQjcmXw7l8BICg8eQAs0fI+c8NqtblxJjRcWRVI5+Id1k/umuF6kCegxdvYsuny4t7BqtL+0cgBK2OOCRRnHLiy/HSZxqJpcgbIFxkEMAH3D4RCnyBPJ5AJJ8pHJ2A7ZVz/FZHqiFUFVYXRNGz1PPrUz9N3rUhFdTdNvYpZFdAgHmx8zwJi6jt/UPny5NxXGw8KqqE2Atb/Y0brnmScNX5XpcPaGbccSkt8M0cj7lDsCCQrfZJonr7zR7wYsuTTI2BbON/iFMdAulMNiknqL3e9e88tpO8GIYgHVl2lbxgX8UXd7ugIPUnmhNzS9r48OnbOjM25wuNFPKm+V8X7PB5Mk4spS5ysvs7vWuIMuRSGUNusllO4AqTyQD7TppO9mPJhOMsVYqGtBRxtuHI8jddPczxXbGkGTK+VOBkZyUC1to8dODfXiay5c2HB+i5MeGgL+yGJumVtw/aF9Z1vDNdVj5Lt7vW4/12LJ8X9W+xGQoWZqBJ20bF1zxKTdsZMWM5jgLYjkPisKVUZCMdrYO7oefIgGee7I1OXERtQZcrBdrsx8HNFeegPnUqd7tbnGV8eYbHYIXCv4G9GFdb8yZceLtLn00+ye3x4hqGbNjOVTbLuVLNgGgDXhHHPQyGo7WYZ8g2B9O5/qztesZa2WuhUkHjrVTymizlTYWxY4rrR9fKXMmrayVoE3wQWIvzAXmxO3wxjzbfeHtZH3t8PHjDKiAbAXpCwGQKCNtg9PPaBDU9z9IDpnyZHwpkUnI2RgPiEKCNoPKk8k3dTN7O1KYsJ3YEzuS/GRdrpSja26zxfkeeD0lDtfvHkynG3xmZl3fbVdouuAtV5TWOOW9Tpm2a7ZfbGPCuXImC2xhqVybJrg0RQKk2RwDVTP2T6N2Nr9I+nKZ9JuZrZyo5dq4YNdr/iZ4ls6/CbH8NbOQMr9WVQCNl+Y5H3TvhnvrTlljpX7N0PxcqY9wXcwBY9FHmfunrO9HczHg0w1GHN8RV2LkFdWY1vU+S8jieV048Q3dPOa/aWdf0coM7HxLWME0aHUg+kZeXlNeia8a86yREzoZznTTCO2JDJMZEipmrE2f2mJrDb/AC/Oa7PQ/GYzGz85itJC4SyMf88wgVH04blevpKpsQhM0SRpaxZRVefrCESizjauhmjpdWrHxmiSKIHAHnfnHCblR0fqaIPuPOTwEhgwNUQb8xzCE37Z+3pO0+8mVk2fFyOPhnGx3FQwJs7h+0feZX6eAMfwlONlWnYHlzd2fw4hCYmMkauVbnanep8uNcRJKDbxXmPOzzcXZ2rwbwGVmBAs0PD7EeccJzywmnSZXbRzYPj5imnFJQveQACOpHmAZw1GhbG+12HHNqb4PrUIThY6yoNjxoAS21eftA80LoH1lHBrh8ThQqE1u8/nZ6f4xQnTjm4zle2kc6j7DqbPmPz9JMZGNoXWlugdtA+n5QhLcdErmmbdYLqBXJHHHtK+fGubKWyZVF0CWZjQAFE0RFCaxntLXZ9LhwMP12MnhlYUa+jFvaPUdqYGZmyZVYty3PhP+6KX8I4TePc2zVDtTtHTtj2jIvsBwAa44HFXV+1zz2o+GERhlVi12oBtP9riEJWanj1pC7d716WQJwOoHoYQl2jqdUlcKb9b4nJ9SSORCEeRpxOWRGUQhG6mgXB6A3OPaGnyKu5lodIQk2qhm1PhAnPTjzhCZR0OWOEJUf/Z",,,Psychedelics & Hallucinogens,TRUE,TRUE,HH6zy4Q6XNsjCjD79D6xy8yXk7FH2Lu34NWv,2026-03-31T16:41:53.752000,2026-03-31T16:41:53.752000,69cbf85e0bb7753a7f80855a,luke@adiken.com,FALSE,60,Premium Smoke Collection,
100,"data:image/jpeg;base64,/9j/4AAQSkZJRgABAQAAAQABAAD/2wCEAAkGBxMTEhUSEhIWFhUXFxcXFxcXFxgYFxUXGhUXGBcXGBcaHyggGBolHRcVITEhJSkrLi4uFx8zODMtNygtLisBCgoKDg0OFxAQGi0dHR0tKy0tLS0tLSstLS0rLS0tLS0tLS0tLS0tLS0tLS0tKy0tLS0rLS0rLS0tLS0tLS0tLf/AABEIALgBEgMBIgACEQEDEQH/xAAcAAACAwEBAQEAAAAAAAAAAAAAAQIEBQMGBwj/xABGEAACAgEDAQYDBAYFCQkAAAABAgARAwQSITEFBiJBUWETcYEykaGxFCNCUsHwBzOy0eEWQ2JjcoKSk/EXJDRToqOz0tP/xAAZAQEBAQEBAQAAAAAAAAAAAAAAAQIDBAX/xAAjEQEBAAICAgMAAgMAAAAAAAAAAQIRAyESMRNBUSJxBDJh/9oADAMBAAIRAxEAPwD5HcIpKd3EQgREIBCO5EwHHFAwAxRmKQEDCEoIo4pBy1J8P1nLEJ01XT6yCDiZ+3TH0lfM6Azmsm0VuIZJZ7NP6wfOVsgnXs8+MSDT7T27BzzZ+7ymdgq+ZY12P3/wnHFjHrB9uuszhjx6SuvSTygXxIL0+s1PTGRCFxVHDAuEIVARikpGoUqjqMQMBGK4XFIC4RxQqwI4RTbmI4oQoJigYSBiOIQMoDARSQgIiAECY4CqKpK4oFfVdB85FIajrJL6TM9uk9AGSuAxX/1E7LpzJW4rsY9IfGAJ1bTt+7DSYGGReDd+nvIOuqxEVfn0k8OnuXNT2dlJFrxQ5JA6ix1PoZaw9jOFDfFwg/u/EtvuUGvvjSsbVYdjbbucitce5mn2zgVXBGVH4B8O7wnzU2AQQfpMoZLJH1moxkISRERl057KOKFyAMUCZG4VIxRQgOoiIXHII7YQhAswgDCbYFQhAmDaJhCo6kUoQhKCAihIHcDCKUMQgI4HPMtnpzObKRwRO6DxzSGITjnyeNd+PDcYe6v7p2TJXRgDN3Hph1nErjB5F/KY+aV0vHpl/Gb99foVM7Jq2J5yCvmBLTZEB4Ra91EsDT7trDEKP2aUc0aNevM15xnxcNN2hsPGWhz5oT+IM6Ze3chQKNS5HPhBrr7KJv8AZuUDC/8A3IPsZd+X4K7cYPG1m20pJK9ele80e+/beLb+jLixighYqOQdinqOh5N1xzNfJPR4vnLPZs7j/H74KoHInTK3WccY4+suN255zUS3SLNJBYbZrtz6cyYp02wqNLtCo6kqgYTZCKpKKFKKpKIwFCOopBYjqK4XNsCoGKFwCMRGOFFRGOEIjHHUUKDEI7hAIRXCA8ZpxNVJjftCa2nvgDqSAPmTQnl5ZvJ6uK6xXDkVUJ/C/OZTc8z0I7EZhYZyCLFnE3Xpw22j9YDu1kPr9cF/imQzOPHr7ayytedxkA8ix6ev1nUZDXBPh6c9OfL0m+e6eS/Lp/5GpFc+ZCmSTull6cf8nWf/AJTUw7ZeeTUsAQGYA3YDGjYo368cSu09avcnOeij/lagf2lEs6buHqD+zfsMSCvf9ZlH5TXijwpXgnrIaceH6z6Tre5eTBhfIznwC6V1Wz/solEX6tPnbLRcf6b/ANozpx+3Pk9IQMdRTo4kZGShIqIgY4QIxSVQkUhFHAwFUI4QrpCKOaZEBCFwCBjgYChFC4Q4oXCFEcKiMBRgwjXrA6YcJZvCLrr6D5k8CbPZGlLGz052n26M49qsD1Le0q9k6YO9N8+gNfQ8T02mxhenU9SepnLL29GHpoY2Amjpsh4mLuZrCVx1Y8i/3QPM+p6D59Lel1jqP1mIiuSw6ADqTyRx14a+vEw29Fhb2l7E1fdM/ClfTiXsIE0Lan+MuYTKmEc1/InfJk2IWq9ouifu6yiXaWIvjdRySOB6kHcF+pAH1nwLtvRnFlceV8H18KkH2tSrV/pz9C5gRfnVz4//AEoYFXPjoUXV2PA67hYvrVsxryLGqHAuPtz5J08STFCK50ec4CAhCkYQjkQVFUcIEYGOo4VGEKjgOFxxSguIQqFSB3AGIQlEoSIMYgBgIGEAuEjHcAjQyJkkgbfYH2/pPQJ1nn+wh4/pPQoJyz9vTj6T7NNM6nyNj2Bs/wB33zY3LRDdGG2gCSQQboDrxZ+QuZePDZsMVPA4og10tTwfwPvLmmw7so+IQSFBWrAam8XB+zR2GubsWTVDDTV7Jz7lUEneFBYEEMaFF9p5KmrB95qHOqDcxCi659fIADkk+g5mbmxg4yWRWKglAboP0WiCCpviwQeZd7M0woZCSXNkOxJYISdqgnoAu3p1Is2eZqC9pNUrNtG4NV7HUo9eZCnqPcWOfXiLtnVlMZ2IMjcFsX7bY9uRiQAetYzV8EgDznU4FZdri6Ng8gqf3lYcq3uDct9n4lSwo6m2PJLN0JZjyx+cqFhznInUFlCjIKra+0Egg8rZ6X5HifKf6U/6/EP9W3/yGfXciAc1yQFuudoJIF+gJPHuZ8h/pU/8TjHpjP45Glx9s5/6vDmIiSMU6PMUlFCRQYo7iuUOEQMBIHCEJUKEI4BHI7owYVICIwuRuA4oriuBKEUdyAEIQlBUUdQEgVSaRSSCUbHY2QB+fT+TPSp1njEJBBH8/Kep7H1O9aPUfT04HtyCPY15Tln7r04emtiE7ZmcHGUXcQ9kcDcBjyErZ6XQkMQlv9FGTbbMNrFhtJU3sdK3Agj7d+9V5zm2s9nplfGm5kG5MZIOMlt1K13v2ghqP2a4E3tNgCBUXoqgD5AbeffiZnZSKipiDqWREWrG4hVAvbdjgTVLBQWsGjRrnkkCjXTkj75qC1jX295Y04v2P88yquVN2zem8HlN67xXUFbsH1l7AOJpCcT49/SjlB1agfs4wD7Hcx/IifYtQ21S3oD/AIC/K+n1nwDvLrjm1GXJ1tjR9QDQP1q/rNYe3PP0xmijMU24ARkRXC5AhCEIBUkJESQgEIGRuBL+ekJG4QJVFAxQAmK4SMipXCRkqhThAQqEEYiJEEtvsqW+QMuzR3AGW8HZuVvJUHq52/4/hOy9nYwayZvoi/xavyja6Z1wTIPnPSaXTaIA2mQmrUtbbj6UKAHzlTOqHpgUe/QfQAybq6iqRyKPkJo9l6ja6+lgfiT+W8f7wlLVYgNm3zXxD0bc38NsliJHPyPPPQg0a8vL6zhnl/J6MZ/F9AxD2mnpZ4TTd4cq9Rdf6QP9pAf/AFTT03e9h1xnj/Vg+t/ZzfwhrbezdkZHbKAmKsmXC65if1mEY1xg7QF3FrRq8VeLn0ljU92sjnUeIBMuV8rY7NNkXJenNgeFNlFh64k95ip37Uf5o/8ADkH5bpcx/wBIyD/NH7sn/wBZqM3T2GDs2tVmz7VAyY8KggDfuV87OzceYyIL869pqIntPn3/AGlKOmL/ANt2/PIsrZv6SshBCIR6GsSf2jl/KVNvY989X8LSuQaJ4HzPAr5MVP0nwbP909d213j1GqRhkXwizduxBogUfDjUc80lmeSzzWGU37Z5JdKpihAzbziIwjBgKEIQAQuEcCJMI4CFR5hJVCAyIATpiBbhFZvkCZNtM460vzNn7hG4SVwKSJE7nB6sfoK/OQ+D6D+MztqYuJIjJ9pYGlPnxOi6Ued/QSdrqKgs+0kmG+pMvJhUeX3zsqewl1adK2PEF6KCfUi/zuWDnc8byB6Dp9w4kWxxhJdJs79STEHj2SNVLodvjH1j3e84oAT14869JdGjD5CmE+GrDZCF4AHUjgWeg94tkWRQznxCWMYkdbomRlpWINAHbYLdKBHv09Zc7P0mTJlGFUPxCa2ngj13X9kAcm54+a/b08X4iiVOnwAQeJ6nR9xtQ6K7EJZIZWBvGAGprHDA0BQIIuHZfc3O4yb2XEUbYQQzG/DzQ6qb639J5ba9E08vpERiFYD5y02gQuq8DdX3c2B9R+M08ndTNhZicGRgt+JVLKQGretdVPB+Rk8GEWpI5Ar6df4zjyctxvVrphhLO1DRdj043BevAPRhf4cTrrez9qhlUfbPPseJeGJQAbsrXJJFkDqQJf1BRgPIclb8I4Fcj06feJw+a27rfxz0w+11C4SP5vynjs2nZuePlPRd5NWGOwECib9N3kB9JY/yR1Bx6dsOLJk+NiVzQFIzE0vW62gckAXc+l/hY+OG8utvF/k3eXX08YdC/wDJnNsDD9lpsP8AyPOKe/weTbHa/cfMQU+pH4zaEi2BT5D7o1TpkgH2++MqaujXr1EvPpF9JyOiXysSdmorFYpa/Qq6Mfvi/Rm/ev5j++XdPGOGw9ajfGR1BH0kWxEH+ak2zsLVGJ3LTbvndD0HAjaeLncciMLnmm5hG08WzqNTkfhnJHp5f8IoTmMA9T9OB+EqabVno/Pv5zQBsWDYlk2qK4x5SQXyklAl7trBix5mTCXbGNtFwFY2oJ4Hld17S6GecYhtnXDkplNA0wNMLU0fMeYmt3qz4smUNhwrjXYu/wCH9nd03ULC8AdPzlvVNdMVMJPT8xPUabuLnfGmRMuJg+wEAtaFuoPFUo5JHuB5XR1up/Tc2FRsS1THuXEqKOa3MMYJIHr+U9ToO5+TaMOXJsAYrQLupUnxONh4sgcN0nLk5PHXenTDCXfW3iU7KyHN+jhd2TdtpSGs+xHBl3s7u8dQlYCzZ/i7Ph7Ts201scvRTa1R9RPZ9i9ygmNhkwrvJKDKrl3xnxbMqDw7Ford9fMVPNdndg6hcg+GuY4MmRgMiOqMVXIVL7Ver4J+4jrJ8sy3q+l+PXt53tfQZNPlOLKPEADx0KsoYEe1H859A7B0yN2en6rG2wqdwO7kOT8RQ3nzytfScu3+yny4fgY+z9jqAyZC6kAIQCrZDxwCRt3deamt3c0fwMQx7NtKu/axcO1El63V1J4ry9Jw5uXeE71XTiw1kj3h7u4tRi+ENiZ0N/EVAAW2ry+0DerdPpcn3c7r6XDe3blysB/WqGABA3ANQ8PWjXnz7a2LUY7Aa954DMvDX08Q+yOfPiXNPqV3thBWxVha8JBF8jqDPL8t8fHb0fH3vTnn7M3KQca+VKnAtB4KPABA6Hy5mF2XhxoxVcK7yyl3FHLuBPDNde1+YnrDqGBCmmYqTS3QroaPrXSZeDPjXIUahkLkcL+0aKlm8iQAPmDMeW/tuT/jnrsmci/hEXzwbFbR1UfKPSa409qwJ/q2KMADxQNdLND6jibejawSelkEH1HH8JYzY1IPhsHjnmweo+XEeF97PKfjB7I1BbwnchJJBAPhbzVSeKPIqYOr7nK2pZ0zp8IsxfEAVcNxvVWBKgbiDflur0nsH272U1TjdXA5Brr864+chlzscZbG4DqPsEgC7pgw2k9PMekzMetUt73Hj+0O7mnLhVfLjDUNocUw5rcz7iCeBuWun1npexxgN48SBFbhlFc0u0g8Wb5HU9PnK3bWLE67y1DcqEKWa1JXd0BI+0eeR59JIdjY0wlcWVg2MFryZFACg7iSwXwr16dLkku94rbNdvE98P6PcWmx5NTpmfbjALY3IfYNwtt5NhQD0onj05j7C7X1C6bFjXOMRVGKeFshyhspIquhQEkcEHoZsf5cj7eMPkZhtYbQFpaIbcTTWOCK9+Ok8H3iZPjs2MBQ5LnGOmFizAoPI8ANx03keU+jxeWc1lHjzkxu43Nb2Fp8uIsDnbW5QclMBiD5SrZHQKygEnxHavPAo8kTw+6XG1LcHcbAoEkkge3pKVT1Yyz24ZWV6dNTpjoCDpl+OqkLmBAN/EB8QsFmAJHQmvaecYyNcSY6RMdFu0C8VxEcyQXiXTJBoiREYzjv84WIBLEpMoBNzTbHQmXrjQ+fEzVamDtHCFUE8gAHwnrUJhDEfSEmzSWLLctYc5Xkf4TLBnbHmklGwmsB68H8J2yZLN2T85kggid9PqCD7TcyTT3vY3Y2lfThwzPqTVYntcTbiVrcK219oMWrw8jmZ51b6UPhR2GQ2uZbXYrI/h2kXu+czNNrTtAXIaBsL5X8p37M15xZhlKq/Wwyhg19bBk1f7a3P6er7r59KmnfUZFbLqmZuBYPJPIqht/ePvLyd62b4aWcCCyaByFePsr5uD05qeJw68qWKHarMW2Dhau9telcS5pO0yzgOAQW8hyLPAHPQTlycW7uumPJrqPbdn95trHGmQ5WdvAHUptBU2DwfT/pNfHlFDcVW15Xwq12DYNbAfUD0nh+0tFkwK7Pp8quCKcAlAP3w/pJavWjUDIfhlgyArtYko4ABcnzs9bE894fx1nJ+voWrzY9zM7syMoFAgAG+T6EGxz7Thm7EQjcmXw7l8BICg8eQAs0fI+c8NqtblxJjRcWRVI5+Id1k/umuF6kCegxdvYsuny4t7BqtL+0cgBK2OOCRRnHLiy/HSZxqJpcgbIFxkEMAH3D4RCnyBPJ5AJJ8pHJ2A7ZVz/FZHqiFUFVYXRNGz1PPrUz9N3rUhFdTdNvYpZFdAgHmx8zwJi6jt/UPny5NxXGw8KqqE2Atb/Y0brnmScNX5XpcPaGbccSkt8M0cj7lDsCCQrfZJonr7zR7wYsuTTI2BbON/iFMdAulMNiknqL3e9e88tpO8GIYgHVl2lbxgX8UXd7ugIPUnmhNzS9r48OnbOjM25wuNFPKm+V8X7PB5Mk4spS5ysvs7vWuIMuRSGUNusllO4AqTyQD7TppO9mPJhOMsVYqGtBRxtuHI8jddPczxXbGkGTK+VOBkZyUC1to8dODfXiay5c2HB+i5MeGgL+yGJumVtw/aF9Z1vDNdVj5Lt7vW4/12LJ8X9W+xGQoWZqBJ20bF1zxKTdsZMWM5jgLYjkPisKVUZCMdrYO7oefIgGee7I1OXERtQZcrBdrsx8HNFeegPnUqd7tbnGV8eYbHYIXCv4G9GFdb8yZceLtLn00+ye3x4hqGbNjOVTbLuVLNgGgDXhHHPQyGo7WYZ8g2B9O5/qztesZa2WuhUkHjrVTymizlTYWxY4rrR9fKXMmrayVoE3wQWIvzAXmxO3wxjzbfeHtZH3t8PHjDKiAbAXpCwGQKCNtg9PPaBDU9z9IDpnyZHwpkUnI2RgPiEKCNoPKk8k3dTN7O1KYsJ3YEzuS/GRdrpSja26zxfkeeD0lDtfvHkynG3xmZl3fbVdouuAtV5TWOOW9Tpm2a7ZfbGPCuXImC2xhqVybJrg0RQKk2RwDVTP2T6N2Nr9I+nKZ9JuZrZyo5dq4YNdr/iZ4ls6/CbH8NbOQMr9WVQCNl+Y5H3TvhnvrTlljpX7N0PxcqY9wXcwBY9FHmfunrO9HczHg0w1GHN8RV2LkFdWY1vU+S8jieV048Q3dPOa/aWdf0coM7HxLWME0aHUg+kZeXlNeia8a86yREzoZznTTCO2JDJMZEipmrE2f2mJrDb/AC/Oa7PQ/GYzGz85itJC4SyMf88wgVH04blevpKpsQhM0SRpaxZRVefrCESizjauhmjpdWrHxmiSKIHAHnfnHCblR0fqaIPuPOTwEhgwNUQb8xzCE37Z+3pO0+8mVk2fFyOPhnGx3FQwJs7h+0feZX6eAMfwlONlWnYHlzd2fw4hCYmMkauVbnanep8uNcRJKDbxXmPOzzcXZ2rwbwGVmBAs0PD7EeccJzywmnSZXbRzYPj5imnFJQveQACOpHmAZw1GhbG+12HHNqb4PrUIThY6yoNjxoAS21eftA80LoH1lHBrh8ThQqE1u8/nZ6f4xQnTjm4zle2kc6j7DqbPmPz9JMZGNoXWlugdtA+n5QhLcdErmmbdYLqBXJHHHtK+fGubKWyZVF0CWZjQAFE0RFCaxntLXZ9LhwMP12MnhlYUa+jFvaPUdqYGZmyZVYty3PhP+6KX8I4TePc2zVDtTtHTtj2jIvsBwAa44HFXV+1zz2o+GERhlVi12oBtP9riEJWanj1pC7d716WQJwOoHoYQl2jqdUlcKb9b4nJ9SSORCEeRpxOWRGUQhG6mgXB6A3OPaGnyKu5lodIQk2qhm1PhAnPTjzhCZR0OWOEJUf/Z",,,Psychedelics & Hallucinogens,FALSE,FALSE,GZTZQRxodZyL02Cmw6VTGvhKpf5eZXMgncMp,2026-03-31T16:41:53.752000,2026-03-31T16:41:53.752000,69cbf85e0bb7753a7f80855a,luke@adiken.com,FALSE,100,Premium Smoke Collection,
65,https://drive.google.com/file/d/1BFHguK7BWhAjbqJGxtuoDXxRsKDxpUbP/view?usp=sharing,,,Psychedelics & Hallucinogens,FALSE,TRUE,NddRrNVIytI4wF6T00DUUtD7x1K7tFoJXQJY,2026-03-31T16:41:53.752000,2026-03-31T16:41:53.752000,69cbf85e0bb7753a7f80855a,luke@adiken.com,FALSE,65,Premium Smoke Collection,
80,https://drive.google.com/file/d/1BFHguK7BWhAjbqJGxtuoDXxRsKDxpUbP/view?usp=sharing,,,Psychedelics & Hallucinogens,FALSE,FALSE,Dt8JO5pMDXKLcE3VsYPZGXeDYijrXnZPO6Pt,2026-03-31T16:41:53.752000,2026-03-31T16:41:53.752000,69cbf85e0bb7753a7f80855a,luke@adiken.com,FALSE,80,Premium Smoke Collection,Stimulants
20,https://img.lb.wbmdstatic.com/vim/live/webmd/consumer_assets/site_images/article_thumbnails/BigBead/crystal_meth_bigBEAD/1800x1200_crystal_meth_bigBEAD.jpg,,,Stimulants,TRUE,TRUE,NK5AtcW0rfrUanetDvV7pl1Ngx9FBKwKzt92,2026-03-31T16:41:53.752000,2026-03-31T16:41:53.752000,69cbf85e0bb7753a7f80855a,luke@adiken.com,FALSE,20,Intimate Gel Collection,Psychedelics & Hallucinogens
25,https://img.lb.wbmdstatic.com/vim/live/webmd/consumer_assets/site_images/article_thumbnails/BigBead/crystal_meth_bigBEAD/1800x1200_crystal_meth_bigBEAD.jpg,,,Stimulants,TRUE,TRUE,bekVK3U02n7EMzHGz06HvVYptdXEMTO8c0fS,2026-03-31T16:41:53.752000,2026-03-31T16:41:53.752000,69cbf85e0bb7753a7f80855a,luke@adiken.com,FALSE,25,Intimate Gel Collection,Dissociative's
45,https://img.lb.wbmdstatic.com/vim/live/webmd/consumer_assets/site_images/article_thumbnails/BigBead/crystal_meth_bigBEAD/1800x1200_crystal_meth_bigBEAD.jpg,,,Stimulants,TRUE,TRUE,Uo9vP5ROfDvFzLKs9eULvARQjH9untv8fC1A,2026-03-31T16:41:53.752000,2026-03-31T16:41:53.752000,69cbf85e0bb7753a7f80855a,luke@adiken.com,FALSE,45,Intimate Gel Collection,Depressants & Precursors
80,https://img.lb.wbmdstatic.com/vim/live/webmd/consumer_assets/site_images/article_thumbnails/BigBead/crystal_meth_bigBEAD/1800x1200_crystal_meth_bigBEAD.jpg,,,Stimulants,TRUE,TRUE,UkOuvlLrnuEyT5B9Hvo9GNvihuD4B5bZTYBr,2026-03-31T16:41:53.752000,2026-03-31T16:41:53.752000,69cbf85e0bb7753a7f80855a,luke@adiken.com,FALSE,80,Intimate Gel Collection,Accessories
100,https://img.lb.wbmdstatic.com/vim/live/webmd/consumer_assets/site_images/article_thumbnails/BigBead/crystal_meth_bigBEAD/1800x1200_crystal_meth_bigBEAD.jpg,,,Stimulants,TRUE,FALSE,99nnZ5Nh5UvvKDH3O090WZY26ZK52q44FMak,2026-03-31T16:41:53.752000,2026-03-31T16:41:53.752000,69cbf85e0bb7753a7f80855a,luke@adiken.com,FALSE,100,Intimate Gel Collection,Pharmacy
190,https://img.lb.wbmdstatic.com/vim/live/webmd/consumer_assets/site_images/article_thumbnails/BigBead/crystal_meth_bigBEAD/1800x1200_crystal_meth_bigBEAD.jpg,,,Stimulants,TRUE,FALSE,CJOuXdjmvCElTPH7nXH7VOcbJ4ZuN9oVydG7,2026-03-31T16:41:53.752000,2026-03-31T16:41:53.752000,69cbf85e0bb7753a7f80855a,luke@adiken.com,FALSE,190,Intimate Gel Collection,
25,https://encrypted-tbn0.gstatic.com/shopping?q=tbn:ANd9GcQ24N5r4HbVoVD_nJtnu8GHZabguH8YSz_hsTXL8QLZXN7nspQ2zU2i0i5nRFXvknJSEVB6F73jREtyq1NwGb-jitqfHrsbGyfWZ4MakjIUJzeG8El2QhXAnxqnZRI-lfWRadTE-h4&usqp=CAc,,,Depressants & Precursors,TRUE,TRUE,llfERYuWndoPIDQlTnMZ8XxZ4yV7GpI9n881,2026-03-31T16:41:53.752000,2026-03-31T16:41:53.752000,69cbf85e0bb7753a7f80855a,luke@adiken.com,FALSE,25,AquaSilk Water-Based Lubricants,
40,https://encrypted-tbn0.gstatic.com/shopping?q=tbn:ANd9GcQ24N5r4HbVoVD_nJtnu8GHZabguH8YSz_hsTXL8QLZXN7nspQ2zU2i0i5nRFXvknJSEVB6F73jREtyq1NwGb-jitqfHrsbGyfWZ4MakjIUJzeG8El2QhXAnxqnZRI-lfWRadTE-h4&usqp=CAc,,,Depressants & Precursors,TRUE,TRUE,jWtwrS0dZOYnVxnFv4P7Dk9T0hmlyaN7l0zY,2026-03-31T16:41:53.752000,2026-03-31T16:41:53.752000,69cbf85e0bb7753a7f80855a,luke@adiken.com,FALSE,40,AquaSilk Water-Based Lubricants,
200,https://encrypted-tbn0.gstatic.com/shopping?q=tbn:ANd9GcQ24N5r4HbVoVD_nJtnu8GHZabguH8YSz_hsTXL8QLZXN7nspQ2zU2i0i5nRFXvknJSEVB6F73jREtyq1NwGb-jitqfHrsbGyfWZ4MakjIUJzeG8El2QhXAnxqnZRI-lfWRadTE-h4&usqp=CAc,,,Depressants & Precursors,TRUE,FALSE,TZasrxogfMo3L51hjJQYkZtD0eokKtS2yNxs,2026-03-31T16:41:53.752000,2026-03-31T16:41:53.752000,69cbf85e0bb7753a7f80855a,luke@adiken.com,FALSE,200,AquaSilk Water-Based Lubricants,
300,https://encrypted-tbn0.gstatic.com/shopping?q=tbn:ANd9GcQ24N5r4HbVoVD_nJtnu8GHZabguH8YSz_hsTXL8QLZXN7nspQ2zU2i0i5nRFXvknJSEVB6F73jREtyq1NwGb-jitqfHrsbGyfWZ4MakjIUJzeG8El2QhXAnxqnZRI-lfWRadTE-h4&usqp=CAc,,,Depressants & Precursors,TRUE,FALSE,fI5QuMhBnEwbaEWF0TSunI5iAmgYrCEU100J,2026-03-31T16:41:53.752000,2026-03-31T16:41:53.752000,69cbf85e0bb7753a7f80855a,luke@adiken.com,FALSE,300,AquaSilk Water-Based Lubricants,
7,https://assets.iflscience.com/assets/articleNo/71185/aImg/71449/drugs-o.webp,,,Pharmacy,TRUE,FALSE,EpPu7v0nCRoQYR5az3AV3qKhsMXWbvDA6Gof,2026-03-31T16:41:53.752000,2026-03-31T16:41:53.752000,69cbf85e0bb7753a7f80855a,luke@adiken.com,FALSE,7,Crimson Brick Condoms,
10,https://assets.iflscience.com/assets/articleNo/71185/aImg/71449/drugs-o.webp,,,Pharmacy,TRUE,FALSE,70ExPm2jUKpeo2UqrS4cnULGCRIAesLM18Xg,2026-03-31T16:41:53.752000,2026-03-31T16:41:53.752000,69cbf85e0bb7753a7f80855a,luke@adiken.com,FALSE,10,Obsidian Edge Collection,
300,https://cdn.rehabfiles.com/sites/sanctuarylodge/wp-content/uploads/2025/04/cocaine-powder-and-roll-on-table.jpeg,,,Stimulants,TRUE,FALSE,cxudOaAKohiAHfm4FCOp2nWKACCC6L9WXpvZ,2026-03-31T16:41:53.752000,2026-03-31T16:41:53.752000,69cbf85e0bb7753a7f80855a,luke@adiken.com,FALSE,300,Sex Machine with dildo ,
100,https://cdn.rehabfiles.com/sites/sanctuarylodge/wp-content/uploads/2025/04/cocaine-powder-and-roll-on-table.jpeg,,,Stimulants,TRUE,TRUE,ZDRqy3zCIN6awHWei6vBM7lfHdk2LYunAalM,2026-03-31T16:41:53.752000,2026-03-31T16:41:53.752000,69cbf85e0bb7753a7f80855a,luke@adiken.com,FALSE,100,Vibrating Mecanical Dildo,
20,"data:image/jpeg;base64,/9j/4AAQSkZJRgABAQAAAQABAAD/2wCEAAkGBxMTEhUTExMWFhUXGBcYGBgXFxgYGBgaHRoYGxoYGh0YHSggHR0lGxgYITEiJSkrLi4uGB8zODMtNygtLisBCgoKDg0OGxAQGy0mHyYrLTAvLy0tLS0tLy4wNS8tLS0rLS0tLS0tKy0tLSsyLS0tLS0tLS0tLS0tLS0tNS0tLf/AABEIALcBEwMBIgACEQEDEQH/xAAcAAABBQEBAQAAAAAAAAAAAAAFAAIDBAYBBwj/xAA6EAABAwIEAwYEBQQCAwEBAAABAAIRAyEEEjFBBVFhBiJxgZGhE7HB8AcUMtHhI0JS8WJyM5KigiT/xAAaAQEAAwEBAQAAAAAAAAAAAAAAAwQFAgYB/8QALxEAAgEDAwIDCAIDAQAAAAAAAAECAwQREiExE0EFUWEicYGRobHh8BTRMkLBJP/aAAwDAQACEQMRAD8A8YTmhcCkHJAdm0QNvFOY2VxoVvhzg10xMEETP0QDsRhQ0CHSSBIgiDuL6xz6KqWohiaxdDTtJ0E31vuohRQFekwb+3spsHUDSSddtPqrHwgRllrTcybbHc2AsLcylwPANrVWsc4NaSAS4kD1AMRr5ICtjMUXnkBsoqJImDrYox2r4SzDVhTZUbUDmNfLf7J/tdc3Hjug7EBxzoTKbSVYp0JOllbw2GBcBCAq06BKfSpE7fyjFbDZQQB4LlLDnoOiAG1qQzGBA2Bgk+ak+FOmuiIVabd1B8SLgRsgO0sHEDpJKccKN4jomGsToJMXTA6oAYEk+JKAeQ3dNq62JEXsoa1SoBLmkDqDB8CpH45kNaGbXkySdyDFhpZAQPaRqDHNMdSPJHOH1qLm/EqBrCHZRmMAmAZjTdCKriDDjBmbGZ6g7g81JKnpin5nzJX+FvHsD812jw2oRmbTe5t9Gk/IXRrgWEzkveJaDDQdzEyeYEhabDUt9dIPL3UTeDRtrB1Y6m8I88qYR7f1Nc3/ALAj5pnwV6mwgiDJtrtpoee+qzHaXgQpN+LTADJGYRoTYEHkTaNjprb4ppn258OnSjrTyjKYnDlpiQecbHceSjcdBqfu3krToCY9k7LoziqW9Eqt9gLAWEefipHcgmuCAgLFG5qtGVxlHMSLyZIAEydYgICrK44K/TwTYlz4EEiATMGPI9FVIymRcA2JFj98kBAknubBj5JIBwT2prQpmMtO2momYMW5W1QHWMk2U7RlUuFq5GuAiXWM8vv5KJtMuOsIBjahLrIlQormCpBuZsTmjXURMEepRJ9EsFxFvBAAsaO9Gsj0R/gtBjaRcbuJHS29+f7oJSBdUJjRHa9TJTgaff7r7FNvCAO4tlqVHODAxuuUEnaw8PFQUnbNAHgAPNWqdLNfn+6gZSyuE6XC0acIwWESqmwjRZI5+Ks4Si0HMBfz9gm02QBynU6W6+itsao6mJbMsqgpIHY3FjNpooqDnEhwsRpIkRzumup53uIu2YCL06AsY5a2VEpYecIFikZEbeenjtfRPZTuZV7FUw2SB3didvGOqoHEODu6dRF+R2QSi4vDRzKJgQFPSbMRbWw38dymYWm45i7pHST/AAimDoi5jb7j3XakorJqWNvqjrZ2hTEHkJsTsqmL4CyoC5jYcBJAsD/PsUeGGhgbufuVZw2FLRzI99fvyUUqppztYVI6ZI84DAfAaTsJ28yu4fDAmInlP8ozxZjadR7WtOvK1726XVJuPaLRlj3XWcnmZRcZOL7Bvs1gHOpktae6893f9Lbj1Rik4C15H3+6d2AqnI5xEZick72AJ8P2WkxXBWvcH5spP6uvKFFPfg9HYy00YqXkBaVMC58T1Q/tUQcJUMxBZ599oj1g+SJvMZs0BrZ7xsI53NlkOPcUbUIY0zTbc6gPj3j/AHyUNNOUiXxCtCnQkm92sJGZuSGhpLjoAJJ8ALpYik9hh7HsnTM0tnwzBbnszgfh0w7KA90kneJMDwiLdUbq4FlWmWVWyx2o3GsObOjpMypJV0ngzafhEpUlNy3azg8mbewHRcg/RT8XwL8PWfSfqIIIsHNNw4DqNtiCNlVbiDBE2OymTzuZEouLw+Rr03Mp6uUGAQ4WvBF4EiDyNvJdrYUtax5sHyWjcgWzf9SZA55SjaQwVk6lWygjK1wIgZhOXq3keq6+jABkX0uCfMDTTdQht4Gq+nw62oAIyNPUzPzSXHsIJBsRqIiDuLpIDtAmQW6i4jpeVMHSSTOYmZt52+9PSKMpsfA6SDv5jbqnsYTMDQSeg5oB7irFJ8ADdVdlLhKcnSUAd4PQzONwO6TebwJiwNyAU7i+JAaLdCCTfn1HkreCweUbH1+qD8an4mWJ6DVAFMPQotYCwAOcGuIc68G8Tt9YUOIcSC0aGPa6G0y8S5zXX3LSiGFM3Usp5aaWMBLBPwrDzDJDZm5+g5q9j+A5GOeXl/QNDfe6o1XZb9f9KChiXPef1EA7ExPKOSmjXXdFqFVPZ7Gq4Thu6WuAdkiJEzqQb9CqvaxpZTYWtaGkkOIEEEgwLba+inoVgQA6x0HUf4mEV4zhw/DvGoyh3/qQfp819nU1R2LXT1xehmPwmVjLSZ5a+KkdUJMwT02VqjRIvzkRv/q8KQ0h42vr681T6iRet7KNNeo2jBEa6AiJ11Gi43hwDu60Rrf5exRHB0h+kCG/wPdTuIY09D7+Cj6mXgX9spUXLuvsUfyIDTeIvpqiXBuDB7G1S8wSbZY0JB3socKyrVd3LTueS1HDaYDA3MJaSDFhMyfddsreH1sw0LlAV/CHNa57XEkbERDZsPEDVSYZvdlx/j7+qI8ax7aTRTcJL9m/47k8roQOJDT4bo8FDKnqZYreIxpJx5l9ARjsIKjnHLcmyhodnGOMHQa/t4o/UqtcQ1oJ0gxBkxa6I08BDSAPvddVJ6FsZtlb/wAio5T47+voQYP4dKm6pFmiGtHSwA87IDxDt+5jS1uGh5b+oukN8AG3HojfFSGtYzmZ8h/sIPxPh1NzJDO8AZM/qO1tlzSinHLLF/dTjV0QeEjNYni78Q2HPt/jECef+yq3DMGH1WgmxMmOl48yAPNLiuFFJ5EtdoZGngrXZU/1j/jlPjqPpK7n7MHgo0G6tePUectcmupU53v02E6q/hWGBrpM+6bhKUnpYSOmyt4CgSIaLgH0Hushzb4PXznsZnt5wYVqPxgO/RBJ607lw8v1eo3XmrGNkTMdNfKV7TxGoRQxBIjLRfY2/sMeErxNwIV+ym5RafY814rCKqpruja9ihTxXxG4iiyo+nlIqOaC5wMiHn+6I1M69FT/ABBwbvjNrNg0ixrJbcMInumNJm3ms/RxxbRdSbLQ8zUM3eAO6zo0EuJG89FAwuYDlJaHNIMGA5pkEGNQo4Wco3DrKW3Cj2x377ZfoRSuoyoqk1v3f294wutB2KaLGRrzVnh2AqVqjaVJhe90wBGguSSYAA5kwqrXSr+VnBRE6SSSZJuSbk9Uk9tJxuB7hJfQcwTmgnOwuBB0OUg7HQ/fJT0cMS0FvfMHMAD3dYPWwm2llEwKT4e6AZCvcIYTUy/JUoRXgFqo+d5uOiA1DnCmyTfYDmUNaZfmFi4yY38Vc4vTJyC4v+ygpUyduXsFNFqKNSzoJx1ElCiRf78UzEYcNu0WPpO6J06ct++i72sBZQwzjAl+UnmMriPl7rhy1E97RSpZM1j2SJ2T+EmJMKRwDgIv9nXqq9Aw+NLjRcGIF61S4O0I9wfEkkNN7b7g2j76IbRwwNO9yb+qn4awidy2/iN/b5JnCL1jWUKml8Ms4vAFj4AJaRINybH5x9Eym2db7kea1HDqmZoMToPPRX2BjpHdJFiLSFXazub/AF1GWh8mWwtEmzWybxA8SpnYRoH9S0GS3ef2R/4Xw2AMABv5Tv4oTUwheSTfx3/ddU6fczfEb1tdKPfkHVsS5wDKXcabf8itNRowwBuoFp58z5qCjw/KMxEXHzF/REMNTkwdP9JOXtJEFmtNCc1z/S/IFq4NxJd+oneFUq4d2/pC1VSg0iD6JhwLYgD2/dTGW3ky+Boy/wDTERdaH4U38Cq+UNc4Rpa2+n1V9gjXksyvU1TZ6G1h0qK9d/mAeMYRtR2sOEAfP6oS/CVG2RLiA/rPPUX8gutrGIN1oU/8F7jDrvNST9WAcTw5lUd7XpqsrXw9TCVhUaJaDvoQZBB8QSPNbjH0N2g/X+UMdUY9pp1ASDay6azsRpuLyi/2a4/RrOa3/wAZJFnuaJ/6me9y59FvGUWt7o3+tpK8Xx/Zl7LslzVu+xeIJo02mQWsywdspLfkAVm3NGNFaomzbXU7h6Z8pfMBfiF2sp1WChhnzJLar8pFgRDASL3mT06rzio31laXtjgBSxtVkZQ8/Fab3D7wOUPzjyQJzLRPsr1FRUE49zKrzlKb1dtiLC4R9UVCxpcKbS+oRoxo1JJ08NTsCifZjDUKj3UatMve9sUS2oaf9QSchMEd4WBLTBjnbX8W7V4d2CbhKrqj6tSkz4takGkNf3XAPkjORADo6jXTIdlfhh761WqKYpU3FsQXmo4ZGhjSe8RmLp0BaCbKJVJzpycljy5+Hzf0Ii3w3HtFHFflWuphtAk5nh1apnc1jnOc1rRkp03uIaABJDjJFs04eSO4ftI+k5poUaDGMBDGOpMeQCCDmqEZ3FwJBMgGdALII9p1gCbwNB0HRS04tN7c/F/ECbVcLBxA8Sko4KSlBLSEzpoTsPT9lPkESqNJ6sfEtCA40amRY6Tc+A5fwiWBeWOZG9xedyNvqhLgr+Dq99sgGCLHf0QHoWM4e99D4mUBrWfElxyy0ECWT+oydAhWDbpvMXUVXHO+CWmqQ0MIAJdfTuDlJA6WQTAcYdTfENcywgSOmYE6TrBG+y+PODQsbqNJ6Z8fY32AwLn30AiTvv8At7ov2h4Q3E4c05yxDmnYEAxPS9+iyuC7YOYcrKTSyJ7xIcTvBFo02Vyn2xGYZmZGmx72aDzNhZcrKReqXVCq9Le3xM02g6kSx7YLdR05+HUJmHoy8W6m22pJ/dbnjXDG1mACxIORw055T0n0+eMwBc15BkES0jQ8i0/IhfYyUjLurWVCXo+AjQr5ZG3y5It2ZcHkz/s8kHrNBOlwiXZJ3dLo0N10VTUcOp5HlmwIj0n78EN4bQd8ao8nvS4TpodLbK81/wDVuCJg38I+oU1Olle/xJ8ZM/VV6b9qUTXvJPp0qvfb5/qL7YMToQrVPC38DZVWt7vgTHqjtBoIB2iUoy3aI/EYp6Zr98gVxoQxp/5j5FNwB7zQOo9ld7RUpoT/AIuDh7/uq/BWAvHST7QoarfWS9xLbtfw38S8aHWPJcqghpOsAn2V99JUeId1juZ7vrZXJy0xbMqnHVNL1ANOYBcZJPy1nzCndqOX3MqCtUh8A3iI+/NWKcWAvzXn9WXg9LJ4WoG4rCgnzuhLmlpjXkVpq9IahBsdRBHztp4L0R5cp1Ks6+yH1+HPJDmtHWbffiiGDaTY6DTxU+cFxHX2WZeX7pS0Q57mpZ2Cqx1zbx2wdw9XK3M6nYaizgOhgpnDsrX90R3pjlMfsiOHYQ3n9/fqgOHHwsS9mxyvbfbNp7keSqu9dxSnGS3W+3vJ42qt60XF7PK39wM/FvCw7D1gNnsJ8C1zR/8AT/QrGYd4dZ3Kw6r1Tt9g21MK1u4qCP8A1eF49i6T6T4cNPdaNjLVQRm3ccVWWqtAGIj3U+P4J8PDUsQarHfEc5vw2nvtjNc9LCbbjmm0qweAQm1KYN/vorTTeMMrAl8A2MjqIPVWKJa6zjbeLn3ITMTRVTRdAvOoN206pKFmLEX18F1AVaEb+3PZSAqMCLFOa5ASqTDuhwMqOkGw8uzTAyxETInNN4yzpvCloUiXRyKAPvMsBI6je8jUbjX1QqlRGc/VavB4Vvw7m/RAuJEMqEhsAk21gcpQEwGUNnRw2Itffku4sCBseagp1AbKwTa6A1fYHiJqUDSdc0zA6t1Hpp4QpePYMNcKwa2QQHh2hBsCfDT05IL+H7yMVUZe7C8crOYD81seOUpa8i4LDPof4VOctFXY3qKVxaaZcrP04MdUd3ZPkVouyWUUs0TJIKA4Kl8RpHp7oz2Ww5ZnaASJn+bK4YIapiaw8NeWv8InVYJPOx+SocPbNRx6N+pV1ryXE84tyss+NTFfHqbdaGq0XpFMs5rE8vqi/Dz3R5LP4eZI2MfsjOAeYA6fJdUJZrSXv+5Xul/54fD7Du0bopDq8ewcfohfZmufiCd7ft99Vd7QHM1jf+x9IH1VXgOGPxGTaCPYyq1xN/yVj0LFul/Dee+TWOagfaR8NaNpJnwBt7+y0D1me1rDFN0d0Eg9CYj5eyvXjaoywZ1kk68cmfwNIlxeTIvE87+Z3RPD0TlJJ8J9VHgtLfpO/pMJlWpVDCARvc2jx2XntRvSbbwXKjIF9/mh2Mb6K7QqlzBLbAa8+sKCs0Ra/mvQ2lR1KSbPP3VNQqtIFUWEkhv2N1eqcIGaGRm67hVXvLHB7SPD6IhgaxcQd8tv2WZ4hQUZ6+0jRsbhuGjyIPiBuYP7uX9RJt4zssqceKuKeW/pywPARf1n1UfaXiT6tSRamLAc9y53Mz6IfwEH802LyHT4Rr6x6runYdGlOcuXF/D8kc7zq1YRS2TRse1NWKTeQqtnwLXD5kLDdpcGxzSRE+N1uu0Df/5Kj3Wj4Z/+gPqfVeXYribXOjyVjwx5ofFle/WKvwAVKqWmJRBrwQqfEqe4G6jouIK0SkW3gRqqdalCtZgmOpl8Rztt7lAD8qSnxFAtcWmJBgxf3SQFfS1joZE7gW8tPGVaw2Gc5rnATDSY3Av3rjQQfkqKfTqEaEiQWmDEg6jw6ICyxqLcDaO8N59o/wBepUGAxJY5lQ6tcyoNJlpzBaPtLw1zsTWrYamTlqubWpsBcWEkltQBonJUbDpiA7MOSjlUUZJPv3BLQs0HYyNRqI213H2FX4lhqDqJu/402s0sIkbzItOx2VP4r2gZ6b2TMZ2OZPOMwvE7c1JXxzXMaAGgiZImXSd5tYWEKRPIKGHIBcHAzAyEaTyM7G/WVZpVdY2TK7mkWVvszw84qtkBOUXcf8WjYdToP4XyUlFZZ1GLk1Fcmp7DYOX1K0WyhgPUkF3pDUV7VVCKFQiwIDQOcmCP/WUaw+FbRZlaA1oEADYfe6yPGeJMxDsjDLGzBmxO5HTb1WbBuvWz2NqbVtbaM7vb58/Iz3AcZlqZTvt8tV6Bw6o1okGJF9rrzPiNJzXZ7mTM/P5LW9mseKrQ0GSLFaTaSyzESbeEbDhgAaTvJ8ensm06gz5Z70TG5E/wm0qjR428bSmvwbSA+7XNH6hssi0fUq6n23Nu9fTpaV3wi/QAvHNX6EjTr/KHYYnJmPU+sK3h3jXz8F3ZS11pS/d2V71aaUY/uyG8Sq/1GDm0/v8ARPwjocOkR6qli6marA/taNdZJE+0K3RffwVK5qL+RJ57lmlHFCK9DSGoqmOotqscx2jh/o+qrfmANT5JtTFr0LSksPgw03F5XIKGDyEBwlrZynQf76bSoKlNznOgQ03IOnI7xMIpWr6n0Qp+KOnP5alZr8Mg5f5beX5NBeIyxxv+9i2DAHp9FQxRgOCe+uD4fUqhiq+Z3jA0WjGMYR0rhFCUnJ5fJDjWkeOnmrtOQyoR/ZTJHjlcVFSwBmXnQ93l4qxxSq2hQeXGDUGRoOpJEewuse7qqvVjThvhmlb03SpSnLbKMLhcS1wh3KyPdkuGQHVjq6zf+s/U/ILJcB4c+tifhDQXc4aBs/PYL1OkxrIa39LRHgNgFP4jW9nprvz7iOxpb6324M3+ItfJw8t0zvps9Dn+TCvM6WGYWB0GVtvxdxgAoUejqhHU91p8u/6rDcNeS0tU9hT0UV67kF3PVVY2s1rrG43jVDGNIJnnuiZpEOm8H06qtjQ1tRpIJG45q4VizQwwqBoa6XuOXJBjaDmNrybbQq76WUlvLW4I9VDQMmVdxWWTlmPL71nfkgB7tUknNukgKB1T2mLrk7c0oQGh7L4WlWcRXq0qVOmM2VzhTdWJ0YHHS7bu/tzWF7HKmCq1cXTrOrNa3E1hTdVwlWQ2Y/pSIIOUNiddbrG0sHUNN1YNPw2uDHOtAcQSARqJjXTbVHeynFBRqgvBdRzM+I3eGuDmPEaOa4AjzG6r1IyeZRedsY/e/wCAVuPcYrV3hzi4U2dykwlzhTbsCXElz4AlxMk9IAiwry2A6RIkSNdbjpZP4sxvxa2R2an8SoWETBaXHKb/APGFRy5YJcDM2BktgkX5TqOhU0ElFJLADGB4TVxNTJSiYknRrRzJC9Q7NcDZhWlrBJhuZ27nbnwuYGyp9lsH+Xw1NsRUqQ6od7jTyBA8jzV/tfxP8rgqtUfrdDGRs51geka+Q5rJuK8q0+nDjJt29CNvT6k+cALtj2lDw6hRdI0e8GQf+LefU+XNZPhtcg/VC8FVA05RtuFKHwbLUpUo046UZFWrKrLVI1DnsI7w11jRX+znChRrfFkwQAGeY7x9PdB+DUPiFsXE35+C3VDDZWgkifuVQ8RuHBKC78+40PDaEZN1JduPeTkZnvcf4n/UKbCuzS2Z58vBSNoA0n1H6BgAbe73yG6Xtc//AJXaDRTp2108T9ysyNVwpOK5l9vy8l+pBTqKT/149/4WCwwyYmw9yuYmqGjmdGjmUDocQEkhwtpI19U6pWc4yDJnW8dNFoNuzt+Paf79Cgoq6r8+yv36hPCPaBncbk39resK8141F/4mfog+GxBl2/IawNyI1vFuiK0iYEaLFy85NGSSJn1d+gVU1+dzySxQIYXCLHrod/WEGq1rQPM7r0tlU10Yvy2MK6hpqsJVsTzNybBUS+ZdJ3jwVYVHOdOu1tPBWKVInUxv0AVmclBOT4IYxcnhDcNSLjbbU8j+6LYfCQRlFhqdSfNcosbTpk1CG0x43PXcoVW7Skv+HQaACYBcJcT0G3nKyKjrXUsR2j+8mlFUrde1vL94DWOxdOi3O86THMnkF5P2m47UxFbOZDRIaBoBy8bK/wBouJOe/LJLv7p6bdECo0M7m093ua0eLiBPurttaxorL5Kle4dV4XBtvw7wxbQNQ61S4z/xBygeoJ81puJ8Sp4Sg+rVM3hrd3u2a3z9BJTsHgW0aNOkyYYGxO/jz3JWI/E/Fg1G05H9NvmC+59gxUqdPr1m3x/wvVJ9GikuTB9oeL1cTVNSq6SdALNaP8WjYKbh1IgDMC0EAiREjYjmOqrsw2eTZMbWLbGTFhqdNhPyWwkksIyW23lhLFVzoXE5ZIB0E6wOsBD3UhUdJkN3jX3UBqFxkeatUnwCJ1C+nwpsMeS78RNqOULigOO1SXEkBVBUzGzOlhNyBpynU9FCnkQYQHqX4X/kxSfh6ldlSpioJolrsoDQe5LmgF95IB2ETErI9oa9N2JeynQZQp03uYBT1OV0Znn+50iekxtJAUnlpDmyC0ggg3BBkEciLeilq1nOc57iS5xLnO3JJkk+JJVaFvpqyqZzn9+wNT2YwuELycY9zaZY7Lln9VtcoJFphBKNBjq9Nt8pqsbf/EvAv5JuEq7XNumt9OkQnVm6EEieW3gptG7eXv8AT3H1M9oxwnKRHKfNFMZgmVqL6VVuZjhDh08tCNZ2IWP7G8cOIpFr/wDyU4Dusgw7zANuYPRaz8wLDWwGupO681NSpTw+Uek1KrBNcM8S7RcIfga5pOOZh71N0Rmb1/5DQjwO4UdCqCLfZXs3aPgdLEUCzEEBrQXB4MfDgHvgnkPKF4iygWukXE66EjrdbtpcdaG/K5MO6oqlLbhmi7JB/wCapNB7pJnl+kn6L02hgzJz6R5SFiOxLqVSo5zf1tDdoyl06ehHmvRYJbLrx+yyvE55rYXZL+zS8PTjRz5v8ENRpLg2e7qeU3ExzhAO2GONKlkYRmdYGbhv9x89PPoi2NxLaVJz3OgQSTyaNfMrybiXHK1eoXOENJsNcrdh4x9Vz4fburU1PhC9r9OGlcsv4THvmCZJPmStNw7jIy5HtnaR+oeRWOw5EaSjXD8Jm3/hb1WjCrHTNbGRTqypvVFm7woaSWZgXNN4I5ayNbckVykgkG+ltPL7/nzZ1PIbPIPRXcO+rU1e5w/5EnoYkrNl4XHPsy2Lq8QePaW5u+IkMouzOglpaJ5m1vvZZTNA5+CYaZMZnExYSSYHSTZXG4WBfUq9bW6ox05Klet1ZZKrMQR5bD6o9wqnmY1zo7xn3gD2lZ2lhxUqBgdrN97TMei1uEEOa0Rla0CPDRQX0spQLFlDdzG9ocGamHdl1aMwHPLMj0nzheV4riZaZaYO3+16v2prCnhKrpI7hbbm6wvsvDsW4C+x0UlnFqGCO7xrLbKhOut/PxXMHXjEUTMAVKZJ5Q8T5QpsNSLqZcATGu8ePJDqje97262hWmslZPDye7NE5RzMe+nnC8r/ABC4c/8AP1Js1wY5vm0D2LSPRejdkMUK+EouzZnBrGuO+doyunrN/NZ/8UsG8VadXL/TyBmbk7M4weViI81Tt4aJsv3MtVNMwBYGCAEI4jdEcTW8kIxD9VdM8ia8gec9VYfVsqhdsBpuu1HIBOco5XCU0lAdlJRkJIBi7K5Ke2IMz0jTrKAc0qQFVwVIHICZpi4RLB1gQ3Me6TFiJtE21GqFtdCe3mLFAanDY/8ALhr8OCHy/PmOZr2EgsbFiCL3EXgredn+0VCtWFJpcKkZouWmwJDXbxO4GhXkNCpFpI+SM4UVMzajHEPBkOEBwPOfaNNeaq3FpCtu+fMs0LmdLZceR6d+J+JYzAEOMF72NYP8iHB0HpDSfILyVmNblIyEukEOvYCZbGl5Bk6ZepU3GcRiKrg6tVfUi/eMNbYDutENbYDQCVRo4g8l1bUXRhpbOK9XqSyb38NtarssS5njABP1K9GoNkev36Ly/wDD7iY+K6l/mA4R/wATefI+y9PoP28rffRY19B9eWe+DVtZLorBhfxED3CmxphpLswBicsZRbUTJ8QEO7L9lX1S1zzlp8ou8DkDoDzmFu8bwllUjO2QHGJ09B9eiJYigIblER9NF3TunToqnBb92czt1Orrm9uxn+Idmqf5ikWMaGEZqjRYE/2ta3ad/wB1Q/ETFCiKNGkxoIBcQ1sW0Gh0MHbbVa7BtLn5j4D915/2+4gz8+9szDKYjkYmD5OCtWkpVJrV2RXuoRpxeO4Hw2Jc8kuED0R1mOpsZAdNuoM/VBfisAnMJ5BCMdxZgsLkLUM41dLjIBJ5XUWJ7STmvqP7jvI6GbLIPx06EjRQUq4J7xsJg7oDYYTjrmCQGZg4PDiO8IBGWf8AEzcLVcH7bYSoM9QupvGoyud5tLRp4wvKMTiGwY0J1OqjwteCI10jdRzpRnyS060ocG67bdqfzTmUqQLWCTfUzqTcjw8Te6xdaiXOyjRu+yMtotptL367IVXxjGghuvPqu4pJYRHKTk8sM4BhMU6Jec+UFs/qcNrHSdJQLF1pflFp+SK9n6lWlGIf/TaGPNJzoBqPLSGfDabuhzgcwECDJVfivCXPfUxNHK+hOZxDgHUc18j2kgyDIBEgxKj6q1Y7efr5fYYNB+HvaNmFqmnWcG0n3zGYa8CL8gRYnoF7FXpMrUy1wDmOBBGxBXzG+pcN2BXqn4cduGNY3C4p4bENpPdZsRAY87EbE2Itrr1KHcnpVf8AVgrjn4Y4oPJoOpvpFxjM/K9rdRnkQTqLG8AwJtg+McOr4d2SvRfSO2dpAd/1do4dQSvppodIiIvrflBKEdvODjE8Pr0yBmaw1GE/2vYMwI5TBb4OKRbOqlGKWUfNgPruuOKa11lyV2VTqQCTVIwIBsJKXKEkBRXXft8kjqkgOSugriQQErHW03+wpAVHh6jmODmktcLggwR4J1OnbVojY2PlzKAlzK1gsaWECYvvYf6TK+By02VPiMdnJENMxGs+o9RE3iA6/frdAa7hnFKLiPiMa/UZXEgHrLYOqZxDBsNJjGU8sFznOmXVCbDXRoAAgbyVlajCyC1wdIBtPduRDuRkehad0QwnFzo+6A5h6TqTviMe5j2yWOAuDGnnML2rgeONWhSq2lzJMbO/ubbk6QvKsO4VLATYu1AsBeZRfs9xp+Fc5oh9JxMtmIP+TDsT6H3VS6t+rHblFq2r9OW/DPRKdRwIky2xjzuFfbTLiANDc9egWe4fxKjXIFNxDiRFN0gz8vdFH8eoYZofXqACDlDZe5wE3GWbaiTZZ6t5Zw0aUq0MZTQVxeJp4Wi+vUs2m1zo36NE7kwB1IXzhXruc5znulzyXOJJcZJnU3Wn7b9tq2Pd8JjDSoAg5CZc4jRzyLCNmi3U2gFQ4ZaStShS6aMqvV6ktim14k953lK69xJgN/dEK2Fa3SCIG153Cr04k8gpyAr/AJV0EyBAJ/jxVqphs7pY3IwxDS7NsJvAmTJ81cpAPED/AEr9KnljmgB1PgcxJKI4Gnh8MQ6ow1AJlodF4MXgxc+ys0mOfIa9rAASXPOUW1A5noLlZXEYlxPmgLHEeKF1ucKnw/B1K9VlJol9Rwa2bXKdTwrnDNstb2MxFHDV6b3Uw8kw6o+ZpTIll4iDckTrdR1ZSjBuKywV+zdd+ZtGo8uou7jmPMhs2lod+lzdbQbI/wAS4KXu+HUd8Omxvw6bnA/CFRjRnvMCTJLom6qcZx1N9V7wymxuZxBYIzXs53MnWeqqcWr1BhGV3vBZUe8MAcS7MCcxI2nLr4TqFHFLKm9s9vX+8ZPplmljS4OZmt3SHRlIIl3/ACtI85UT35n200UQqWUbK0ElWD4angnbnG4NnwaD2lk91lRucAnZtwQOkx0Rfjv4tYirh6mG/Lspvew031A9xjMIeWtLQWkgmJJid152KxBnfbokSXkucS5xMkkkknqTclDpTklgjapAxTU6PSV00iUOSENTwFNQwzi4MAlx0gg/Lx0+qlrYQhpN5aTmbB7okAGepnbZAOp8UIAGVpgAfpZ9WLqGFySAgSSSQHUkkkB0OXcySSA7KkYUkkA/MkQEkkA6g4AgmY3jXylW8JxAAnNJkRP+Jkd6BrabdUkkARwvF3NL6dOo4scYmAC7Ke4b3bzsU92PLi0NbcmAPHTVJJATYmm1lRrf1EsY54iMpInKDvaL9VM5oiEkkAzIAqzOHmrUyMHecbaC6SSArYKk5jr6IviKgFNru9LieUECOszKSSAD16hLjBtbTwCiytm64kgLjMZDcoA228d1Lw6qzMM5LWE3cBmjym94SSQA3H40nzmEPfVMXOmiSSAZmsoykkgGhWcM8tIIJBFwRskkgCmAq5CHNJDhPeEzp/v1VjiWHyPLS4OjcTBtqJA+wkkgBtQxfdU3v1XUkBAXJJJID//Z",,,Psychedelics & Hallucinogens,TRUE,TRUE,CHL0IjXa0hLVPfn1YuZQ6NCWwNgQRq4ZT45T,2026-03-31T16:41:53.752000,2026-03-31T16:41:53.752000,69cbf85e0bb7753a7f80855a,luke@adiken.com,FALSE,20,metal Cockrings,
5,"data:image/jpeg;base64,/9j/4AAQSkZJRgABAQAAAQABAAD/2wCEAAkGBxMTEhUTExMVFhUVGBgYFxgWGBUXFhcXFxUXFxUWGBUYHSggGBolHRcVITEhJSkrLi4uFx8zODMtNygtLisBCgoKDg0OGhAQGy0lICUtLS0tLS0tLS0tLS0tLS0tLS0tLS0tLS0tLS0tLS0tLS0tLS0tLS0tLS0tLS0tLS0tLf/AABEIAKMBNQMBEQACEQEDEQH/xAAbAAACAwEBAQAAAAAAAAAAAAAEBQIDBgEHAP/EADsQAAEDAgUBBgQFAwQBBQAAAAEAAhEDIQQFEjFBUQYTImFxgTKRobFCUsHR8CPh8QcUM3IVFkNzosL/xAAbAQABBQEBAAAAAAAAAAAAAAACAAEDBAUGB//EADQRAAICAQQCAQMCBQIGAwAAAAABAgMRBBIhMQVBEyIyUWFxFCOBkbGh8AZCQ9Hh8RUzUv/aAAwDAQACEQMRAD8AydEtYHPO0fQdPU/osnt4NApwr+8gndxgDgDn5D6o5LHA0eeQvMHantpN+EAT5dB+qGPWWOHYVsNI2YBE9esIGEkLMYXGGC0m/kOB8oUkfyCwjD0AC0cNCBsJIjTGtxJ2GyfpCXLOu8T9I2CaKwsifeC+pT0i/wATvsh7Y/RKjRj0Fymbyx0dczU4SLBH9qB7LzSgyfZRNkmAaqCZMKeEeMkUnzgLwuHAHmo5Sywootp05KBsNItdT4TCwSc3S0kpLkTFdOXuU3SI+xmylAULlySJEX00siwVindLI+CXdXSGZI0k+RsHdCWRYO92EmxgTEthFETEtYy5S+iMNw5gIGOglyZDsEqo0xYF9a5hSLoAMo0YCjY50shJCKWC6diOVnWSQiqmiYyKQ3xSk2I7UF0I5W9qQgirTGkUxu4XPl09h908Xh5GayXVqIpgOi7QQxtrk8lMuR3wXYdmljqhuTPumb9IRbXxPgE2HTqd/lyUyQQLgAXu1HzM+SKXCwDFc5LsXWIlrfidY+SGK5ywm/wRbDG39vMlN2x+gvANtqI+I/QcpS/AyRVWa59QmNoDfdLOEJLLC6o0jyH1KCKywmWNGx9oT2Sy+B4xwXYxvgnohisjvgow7JMAWG/qppy2rCI4rLyHd0q5KkWMpJDltOhymbEDZrYABHBZAbKcBh4E9U85Cig0MUIZF7ZT5ERdTT5Eca2SnGLCxIRB1NIYgWpDgmNdDVJACQsoU9RRyAQxZhlG2HgqrMTpiA3jdEhmCMZJRsBB1EcIchYO1xARIFlTGWlMxICxO6KImfUzZOxj6kN0LHIASUhFbmpDDPK8MDNR2w+u6Fv0EcoDvnkn4R16f3j5BE1hDdhWJbq8IsIkno0fr/OEC7CwA4+mC5rZsLAfU/oiiCyVJxaC4CA2IP5jwPTn3TdsLpF9Cnu43n6HlKT9CSPvidEWb9/5b5puhdstxLC17Wg77+Q6JlyshBWHZcngfwlA2EiPxmZsNkXSB7YVRp3k8XUTZIDYl7i8D/EnhWKoqK3Mhm8vCGNHD6BHvKhnLLJYonTYSUGQgho+iQxcGphCLE1NbifOApo8ICQ1osgAQo5PIaR17UI4VleXOqujYDcqWml2MaUkhycrotElpPmeVe+CuK6GjGUnjIM/KmOHgGk/RRy08ZLMeAnFx7FeJoFhgiFTlFxeGMDvaSiS4B9g2mFGEKM2eZgKetEUivANMp5sZIbubZRBgVZpToQPVbZSJgsrwuG5SlIZINZShDkcDxDpKlQDJxAQZHwLcULqRDM4/ZIR9Nk2OREGugJmJHGCU+RF9Ss9zAynTeRtOkget49FYho7Xzgglqql7CaB7lpNXwtABcXAgHgDzJP0AUc6LM4cQ43VtZTQlxXaunqOlrnjeT4ZPHsLfVSR0kvbBlqF6Qtb2hdqLu7mdpJsOeLndTfwiaxkBXt9ItrdpHPABpCxnd37JR0cV7Hd8/8A8lp7VvEDumwOJdv12TPRx/I38RJLlBGX9sGN+Oi7qS1wJ+sfwoJ6NvphR1K9oa4TPcPWqE95pJgNDwW/Xb6qCWnsius/sSxug32P6xa1mkFsx+YX/n6IK9HfN52v+vH+R56mmPG5FOGa0AeIfW/0U0/H6h+v9QI62n8/6F7qzI8LgesHnj91WlprIv644JlfCS+ln2Cwl53jr1KaxhQQ0LBChJTlKjEwD8kPLFwX4diZyHKc0r6KZ6mwTx5YLFWAw0uE+qlb4BwOGsUGSTB8GTZLI6Rq8voinTA5hbNEVCGEQYbkTe9osS24kAnkeSkbiSqMnykB4LE2d8MjoNlHCfDJrauURzfCB9ME/FG3KjvgpRy+yKMctpGXNcAeYVTGIkP/ADAzXyJULJBLmF3+isw4iQy7DcupWlRSDQzLbKMLADiWokIAxL7wpUiNhlJnhQDnKuycYAp09RlHnAOCddpAhAmELXNMqXIBGoeE6YmdezZMIjWpQEhEqAgIWIUsy0uIdVq1HifHpdcDyXRTpko5i+SO3x7jXmDyyePo6HtZhK9R7C0lwqSWDoCDa6hrjbLiSKlGlssbTjgGbgKT3QWd1Wj/AIz/AMdTzZ+U+SkUEnySVr4bUro5RylpA3AvF4BBG4I4VlSijehfQo5UlguoQTAeyfUI4yi/ZJXqaZPCkhiMnqPEFu/XopXBNYLkq4zjh8plmR9h6uJbUpSxrqDwRqnxMePhJF9xM+azZQhXLbJ4bf8Ac5Nxrrsdcu0/7r9x/l/ZHD4d7g+me8pgOJLtVjtpi3CuQprXOC9XXpJ7swf0rPZoKOEpNaP6bJgbAfdTqK/BoVaWlRWIL+xRimMcI0N+QH2RbETvRUzWJQX9jN0+zoq13UhUcxxZ3lJ24Gkw5rhvyIIWN5K16VKSWYvtHMeS0q0tuIdPlBmRZuMLW7jHBpdPgqBwNM/9wNjtvCpVV03fzIp/s/QqNVlbZM9CbmIAbsWu3j7t/kKw5pcF5UbuUF0ce15LdXiBtLbQAfykfokpp8ZAlTKKzgpxWWUSZDgzk+Vunqqtujqk8rgeM546yY3PqRFQiQWjY+XNuCqEqtksE3Ps+y+nbV8lFIdBpCiDJsbeUgkPatYw0t8gtWM24poeuKeUwPMg74m7hDdntFrT7ftfTPsrrHS8vi8TxA8+EqZvDchtTBZiolrcSzQXOMASLGZvZO7IqLcgfim5qMTI5xHeFzRDXcKt8in0Qaqh1yWRY7EwCm25ZVyL6GLmfMqdrCI0+TR4MAMCqSZMi+seiFBAL5KMYC7jU6Spc4RGMGUSQgyFgpxlOAnQzBcA3dKTGR9i0yHYuG6kARANlyXoXs+q/FCddCZ9X4ToZnS2ELHAMrwL3ue2npDmgEAzL+sFdFbc6pJY4A1OpenmljgI7t5sxp1SGmx8Bm7iB0U7m3DdDkuWahuj5KuRg3sg99HvatUF4dLWi7hHw3Gyz5arDxIwrddOxbZCutjDVa+pVwrX1aDw2taCWGzHxyeFFfVZqPqqk0R10Sm8Qf8AQ1XZzAYKuATTpTtpc0NcDzYrDsWuol9UmV5xsrliWUa7E9l6ZIfh3aOC0y5p+sha+n8tKKxJZLmn8hfT9kuPwwzIskGGa8l2p9Qy50QLbADoFV1Otdtin6RBO2U7Pkl2J+09Oo14rsaXN06agFyANnAcrpKLo2RU48o29LaoT+Rcp8MTUMQHXabdP7cK5HD6Ohp+OSzW+CrEkh7C97m0ph+iJE7OkjaVX1UrIQcoc49FDykr6oqyt8LtL/JpXdn2UadarTc99U0nBr3EEgQSA2BAvC5C7XWamyKs+3PRymovndLdN5PPaOWU3Umy0GWgk8knczvK7KFUHBcHZ6TR6ezTRTiuieWZlWwLgRNWhN2E3aJvpVK/SY+pGfqdJZpVmH1Q/wBUehZV2gpV2h9F4I0ku1QC0zLgW7kwbKhNuDIqlC2OV/v/ALFeKzCCdLBLjvJJMDeD8Psqc7kukaFWnb7fX+/6mfz+uQGAm5kn0t/PZQqWeyDWJRwkW4bEWHQBVZIgiwunXQNBJhVF6ENDPL8VA09Vb0tu36WNKOXkprOhzjKnbw2XoRzFYItxbAyCB59HA7gplbFR5HdE3PK/9AhrtbLWEFnoIvuB5KtK1R+lPgsqqUlul2Js6qCQAP8ABQQafRR1zeUmZ3GuhrlZh2ZkhdgXXA6qWfRFE2FAWHoqTLKOmoSU2Byuo6AZToZlWGpTdFJjJB7XoMj4AMwcpogMtweGhiCXYkCYxm6eAmLqbEbYKPqbblJiOMbJKQgeoJcEXoF9ncQ6CmQ7Cq2VOo1zTLiHM8THixLSukplHUQ+pBaWcNZW42LlDDKKzmh9Qh5D3XeRYkW9hZS0zrh/LQelt01TdUX/AHNF2Ecwsewga21HG/5XGRHkszVwxY36MTW1OFzyL86wYGatptADcRRc2oODYwfWym0re0hrnKD3RfKM1jsixGHAc9or0x/7jPiAHUI69VGTxJGpX5KNjxqIpjzs3nQpBtSk/wAMgOYSSCCYsDsUWq01V1Ta7JNdpdNKn5qeP0PVIkLlXyYoFiaKarUW6eWYP+gULJVvMWJcZ2fo1DqA0P8AzMsffgrao83H/qxaf5NCrX4eXlP8oW4jspWcCzvmljrElviA9jEqbUebqUMQ5ZYv8rKVThnOf0NfRogNDdwABfmBC5fOXkxTzzNMu/29Z1IiGPJdTPFzJb7LsvFaxW17X2jqPB61bfhk+V0LquHvELWaydG8NC/A5G7vnCjUNOrGumfwuj4mH6fNYPkpLTtOSzF9/lHG+Rrlor99fTGmAzh3ed1iG93VHBs13m0rKtrzH5Knuj/g19B5KvULZLiX+SvM3GpXImzAB+p+pPyUcftINXLda8euC2m/gen7oGskJJtcym2iTGGHxKBxJFINoVkLWOiRMYUavef9hv5jqrcZb/3LFU9vDB8QyPCfW6hnxwy/B5+pAL2DcmAPlAVSUcss7sIzGIzdr6zwDI2B9FZhFpGFqpqVjwDZoBoJ6qxWUZlGVUiXCAisYMEaygyBdVJMmiV1bHzKZBAuOfAHmpYICTLsC0oZiiFhiAIWVx44UyfBG+xrRb4UA4txjN08RMDZSGkos8jFVOnAPmnbGRRSaRMp2I+Y28pMZA+JdJToTHOFL6r3uhz3MADj0HAAXTxlVRLb+Qo26fR2bEsZGOCquYCWEafxNd8J6+hR3aeFi3BarQ1Xrenj9QfLnh1VxHgJPhi0DyPKVUIuO2XIOlprnX8djUhnkVIOzPU95e5lM734j9SorYRri9pkayuFdrjFcDbtpm7aNHuqbQa1bwMaPO2ojoFnUVb5FWMNzwjHYzsmcMylWpAudT0uqNOziLk+q0bKd0HFcGhZR9H0npnZvOWYmkHsPqOQeQQuVnTKqWyRnrjhjLEs8JU2lqjZbFMlqipSSZ5lWxtfvH1A9w8RAb+GAYuPNdJdoKr4Ykv2Ogq8bXqaXJ9+v0Nh2fzYV6Yds4WcOhXG6rTPT2uEjnba5VTcJdoKzTM2UGgukl1mtG5KPTaWeoltgKqudklCCyzO5lmtKu3RXpOY3h4IJaeDbZay8XqdM/kref0L8/HaqjFmOvwK8RltVgBjvWHZ7N482rW0/koy+mzh/qbGk8xwo2kcky+o/EsqBrmsph0lwiSRECVn+Z1Ndlfxw5bKPmNXC9xjD0GdoqmDfNKsQ5w/KCXNPWRssbS6TWQlugmY9dF0nmuLMlTwxo6jTd31M3O/et9WndXpx3cWLZL/AEZdr1M6ntuTX7hmFxTHgljgfLkeRHzUE6pw7RejZGfTLIt67KNBhuVYV1WoGN5uTwB1KkhW5vah3LajTYbLadMkvdrjc7NneAOVbjpa48y5HTlLotZXpEf8Q1DYiAfnwjSq9RJPjmn9wNi2d6D3btL4sHjUD9iop0xn12WI3WVd9HnednFSadZ2nyFgR1B5CpSioPDQc75SXYpw+F0lO7MlNxGlakSGg3UkPyQzGeS0YJKC1igOQ23nwoGSoqpxMcphwHH05cJBU8OERSGNOnpAjooZMNEybJLsQs7suqD1U2MIj9j3uoCiyEKMwdARREwIiGovYxVWMNSXYz6KqlPwgp12N6OFtk77Ehc5t0YI6wDX0K3hfvyNiPMLoq1C9cg0xr1qxLsdZTlT8S2oGEASQXHqd4CKzURpWxA3auNEXRFZNk7IaRpNpkDU1oAIsbcrNjZKMtyMeE5QeYvDMr2fwBw+Z1WuMl9IlhPMEWV2E/ljljzsla8y7L8vystecViyHVjZrfy3sAFYrqUOEXKalBZ9mjw1EkS8b8eXRHksZEmKyd+HqGvhebvp8O9OhVfUaaF8cS7/ACVbqFPldmjybOWV2xs4Wc02IPosJVT0ty3IqwlslyIO0WVd28vA8DrnyK6am1SWUdFodUq3j0zLiu6hU1sMdeh9VHrNHVqY4l/cv67Q06mO58P8l2OzJ9ZwqOImNLAOJ3Ki0eijpYtJ5yVNLoFpcy3Zk+i9tIARv1nlaSibMaUo4GPZfGFjzQcfCbs/ULD8to1ODlHtHN+T0eyWUPM+e5tCo5m4aYWT4dRdz3d4MvSrM+TzegQ0NG7n3J5J5JXXQaWF+TsNNKFUIxistk61H8QsRyN/mlbTG2O2ayWb9NXfDbYgjAZTSxrHE/067DpL2WnoSOVx2rut0F2zuD9M4TUVS01zh+AfE5TjcP8AEwVmDZzd48wpK7tLf09r/Ulr1rX3Dns32lwtNrhUJp1SYIcDtFrrQpo2R45z7LS1EJtZ4HFbMKdQS12sOiC3y8lHZx2aOnw+U0V18O4OgmLSQIBAPl/NiopRaZZhOLjwDh0bT/cN2t/LIUw2inG0u/w9SmY1hshxbJEEOAncbQlxOLTILq8NNHmdHH3VWVRW3hlHMQXX4COMcICTyzWdn2vqQxvxPMA9BySo9rnJRQSe1ZNxhstw9MQ7xvA52PWArsaKod8sZRslyui2hi6YaCWsbqjTAE/M7qRWRws4Qb07y8ei5zAR+EwdyANt0b5BSSYNjKDKjYIE8RYqKyEJoeMGmZbH09EjosxxxLA8lgCypup4PRPLgjHOJd4VGgkI3nU6Ea4QinFi4ACePQzKMUPEAniMyirvCeP5EzlR9j6JLsQLTaITsYeZl2TqUj3lCpIH4XHjotqjUuL5MXT6mVMtyOZFnZYSA7Q8bt6lXpQhcuTVl8OrX4kbTD4w16Ln95peGxb9lRdThLGDKt0865bWjK45tfXTxDXS+lf1HIPqFoKhR5Roy8b9G+Jq8kdSxLv9wDLti0/hI3twU+5pYK1UsfTLs0D6UBDknyVUKclO2Ji3OcqYD31Nwp1ByOfIjlDKMbFtkiC2tSXILgO0bXt0YhumbSR4T6EqlsnQ/oeUVa73W8CfP8njx0vEw7jor1GrjYdDodesYfRnMPDXbX+yuxSZvVRrl9URrTqSjJiL3EPpuG4cPqob4pxM7yUE68s37mBzIOxF/dcRG3+H1Tkvycdu+OzKPNc6yw0axaPVnTzC6+qasSlE6LST+TG18rohQq6hex5VyMso3ard0cvscdisLBrVfwvcAPZcV562M7lFejh/KWKzUyaNYHwsSUJwWWngobWBY/K6FYRUpNd5wJ+aOrV2VvMJMYyuYdh9J14Wq6m4XAJt81q0eZl1as/qSQtlETf+oMXhHaMVT1Dh9552cN9ytSEqr1mtmnR5B9S6NBlmcjEscGOEADTMFxd/1PO954UTU19LNmuyqWJx5/IXQw0ixFty6zraZ9Y29kCjwSyseef/AAeUZo0d9VLfh7x8emooMmfZ9zwCYaqQ4nebI2uCBPk90/0+wlNuHpvbJqPbc8idwp9PCCWY9sexS99B9bK6uskgaZ/M0H/CGVU3LPouQ1NW3Czn9gLHvFN16UmLb2HMEWnfZRWPY/tLFK3x4kTo41zmuefC0mGjmN5PySjZJpyfCGnTFSUVy/f/AIBxiYMl197cDzlRuzHskVeeMGb7RYkiOrp+6gS3PJX1n0tIhklXw/qmmimmHYjFWjoo8BpizBnU4kmEbWEMmfTNTqAm/wCUXsref6hKf0J9g9Iy8pPhDeyvG0oNkojsEcUaAbPQ8FhoHieT7rqvjgukVFVBegPNuz1GqJbAfuCLGUeEFtXoS5U6o2sKFTc7O6qOyxwWcDy10q0lJZNFisI5rTqFuvCkr1ELFwaFesruhhPDLcHhhQY3EUj/API38w6+oVBTcZtPo5y1SrseTTYrMabKQqk+F0R6nZWUsstRtWAHCnEV7gd2zz+Ij9FDZqIx4XJFK9v7Rrh8mYLulx87qrK+cvZE8vtnczyqlVYWOaIUSm1ygHE8/wAThsTgHmNVWgeN3NH6hPhSeY8S/wAijJxeV2W/7XD4tuum4Nd081PXr3W9thqabyTg1kF/8PXYYjUOq0Ia6qS7Nuvy8GuRrlGQuLhUq2AuAq2r8jXCDeShrPIKxGoXF2WfJJyfswJPLyIO1mX66WsfEy4W54fUyUvjZc0V7rmjEYg+GRad/wBV09rfxtxOu1Em9O5w7wbrLGMZQaG7aVxGkrd+txZ+TiNOvksSkYnOs5qPrOa15axhi25K7L+GhatrXB0+l0ENRnd9qGXZjPHFxo1HarS0nf0XIed8fDTfzIcIxPJ6FaWzEemaM4iVzqsTM3AJmVJlRhY9ocD1W34SMZ6lJljSVxnakzyrNqDsPiXnCyAyJE78n2XXW07m0ka0dNYpOVK6H1HtdTfh3OI01WjSW8ucdnAesrIug08F2jUxcW33+DJUrtvwN1D7KzNX/p72OGJ/r15FEOhrQYNRwNyTwwbdSfRWo155fREj1zBOYyGU2hrR+Foja/6KeLS4igpQ4yyNTFHUZaL2AuDf1QuXPJNGpYymfOA0naNiDAnfk2P3lC8JCSe79TKYvE904MjzaRcEenPnKzbLPjeDYqr+WO7+4N/uZEnbcyq7m5E7goIy+aZyytU8Js2wVmCwjC1U98+BllbIYPO6CT5IEiOLr6QUkhEMqcNJLt0p94CidoPMuPCGQ6IgbulJiRxjQAD1TMSK61UF0J0sITAu7klSJgNHo9HCB27iteU7TCcrBnQy5nVR/LYvYlOS9ibtP2Y1N76mYezxCPJHHUSfEhSnJ9huR5/SxGHh8a2iHA9Run+KSlmIdVdj5ihUXS1zWmxm3ktXYpRWezoJURsqW5cjXsbh+8oaKniFN5iegMhU9T9Kwjn7IbJOJtWMAFlREVvcBuhwCViqDymGyQq02uEESmGMvmvY1pcamHd3b97bH1CJtSW2SyhnHgWNzarQIZiWkcB4+E+/Czr9C/uqf9AOV0PsJi2vEtMrHmpxeJjqQawpohC3tNiQyg/zC6fxOk/6jL2kp3Pcech3hg8rqIr6cHcUVJVKLHfZTHlwdScdtlymshHS6yNi6ZxutpWm1fHTMvm7DTrPaeTIXSUWJ9ezo/GXRWY/koyisRiaZ9Vj/wDEKUtMyj/xBhxTPQWOXnbOWOvNlf8AH6p0XxmSUz+Oakee9oqRp4lxO1SIPmOF6PTdGT3R6Z1egvip/pIR4/L9XjZ8Q+qbU0KSyg/IaJSXy19gFPEQ1xPTbzWHOvEsGVCeY5Z7ZkR00mUWmdFKm1o/MS0SY8zJUqfLSLSglCL/ALjPLMS9j3sA1PvLvwiCPL12Sg2m445CthCUVNvj8ewunUebOuBJkkW4t5kzyiW72A1BfaU04eHWOloJiYuDd07g72Ue3enkmlJwax28ciDHtbpJMw0yDYkDmw3/ALKi61J4ZoK2UfqSB24qiGWaXavxPm9xYAc/ZXK66oLhf3KNtls39T/ohdj8soVd2aHH8QsQR5/iF/oikovgruvJGjU0yw3MWI2LeCqE4uLI2scA+NLWi6aILRKlo0koW+Qkj6k2GeRuEnyxdFQENvyl2xvRdWp+EEbBCnyOL2vAlx9kbXoZEaTZk9U4j0Ok9p/suqU4SKMbISDNEizknXF+h3VB+gcY2o1xpuuCN1BPSRfKIJ6VejHZaNOJrN6mfmrVEdvBp+Li1mLHNTENp0iTv9iFG3KNv6EVkrKL3n7WbDsxQ7rDBzravEfe6q6me54Mq6alNyCm5xNmtJVXaQ7zhaXGXugdEhdkjiqLdikoSfodLPQPVztg4R/w836D+Of4F7u2tAGJuOklL+Hn+AHldn1TPcNiWEEBw80/8NZ+AvjlLpGHzWu7CP1UNRZy3ce3RR26JWrE1yN8UvaNJ2d7U064iYdyDuue1Wjnp3+hG04vkt7WgvoGFteI1kXHYzT0NyTwzzg4r6LqIzTjk7aq6Mq92Rr2WeQX1Oq4f/iDUKdijH0cP5W75b216C85wAxAkWeOUWg8wq4bbfQ+m1mxcinKciqMqh9QiG7KLyXl46iGyIOt10tRwzU0nrnJIoIKebKWqidrxBchpNvCE2bYOnWYWu9iNwV1fj6Nbp47ZLMTR08LoeuDOs7O4gEhjmOHU7j1W0tWvtbx+5qLX2pbc/3M32nyk4Z7WEzrGonieYVSydcm9ry0Z2Up4z2ej4TFaodJAfSa6J2IaJHTr8iqrf1f0N2CzWh1k5qPLnEhrSBMWJBDrkA9Dz/iStSllshvcIJRissaMxDXCS4hjYBnkAgQJmST90e5Yzngh2tPGMtk6OLY5w3Igm+5Bt7/AIt+iW9NidcoxYh7QERUawyNJiOumxCoXSW/CL9CbhmS5Mdl9c1J2BBEahG1z1nzn0UsZZAsjgYVHUC3VUqObpJ0uAMAuA1NdO4+tvZG9r5bIsTziKOY+nootrMcC0x11BridJI422UdsFtUkyva88NcoV4jFAkTflQKPBA2HVsSSyIABhR45DyTxWzQOiZdiZXiAJbPATrpjMKru8EbSEMFmQ7fAqxbIAHQfdSLsF9E2mGj0QsdDfBYmswwRqHlut6EVLpnPxWXwxvUzotbPTg2KswjKJar+RfqAVO0JqfCCCrCkmWlul6L8pyzVqql3iKrfxOyeGLT6p0TakjlOkK1VrDsDfzhWbLE47ibyGrjOGI9nobmSxtMbLIlPczFA8wxWmKVJsu+ymqp38sKFbm+CmlgKj71Hx5BW1XCPSLcaIxOVhSp8SUaTYUpxguTO5nmEnSAFo6fSKayyvLU5+0GpYUN8emZ6Kf4IdFaXPLLspwrKpIpuDXzcdPZLUJQX1xyiOOr2/a+ifaTAVKTRqaHt5c0XHqFiPU179pf0+q+VfUsCjHZQ0sFWlZ4vI/UIraY2xw0Wp1RmizJ+0GsGlVs8WI6rjNfpLNJPfWZsoyqeADMcha50gwDulR5nUNbUizDW3JbUwqk1lNgY0hZ1vyTscpoqSy3llmHcoZoELKhHIzCLGRAWfZoaVAlu/C67wVEY0/J7NTRQWN3s8/xOd1w+O8cTvbZbTnJPBbm3GW3lscZL2seLVPEOTyPVQanTw1MHGa/7gzrVsS7t+W1KNKs2DDt/VYGgonpr51S6a4M2EXCzARk+MDsK1gdwGwZiebiI69CCrtnWDqNLJNKX4OaqgtqJbABjcgTxJt+6qNvrJqR2945HeWVjaLh8BwOqBzNzd3M+amhIrWx/wBBoMxaHOgkk7HcydzPCTu5eCNaduKyK81xIbTdySNIA5JEAfzhQpZZO3iImy976bQIDidtY1NEwAYM9eP7K1ByRQsUJPI/wb6TntNahTcwSXMa2NgbtaIbqkx+t1YW19orTjLGISYm7S12aC2lo7s6iNBMgtNmuBuIHte0qvbNPhdEjhL45bs5/UzNF+p3yCB8Izxs4y5tObblR+shfoHPeC4cgBReiQnQGtzjw0QPVJ8IXsorVNbmN26p4rhsTI4hup4I2m/snXCGZDEVhKZCHGGx+lgc7cDdb0Y4OeSaYsrZzrmwVqp5Ok8Tp42L6iqjXM+EwQlKaiXdRdRQ9uCzDZxUYHaXW5BUM9smZ9t2ntYXkudDvGfmJgo7JL42irqNH9DnA9Udi9NIP8lnVpt4Mgoy2o0A1HXJWsoYW1F6CUIgWYZoS8NGx+SmjWRWajHCE/afFmmG6RqLun6qzXS9rljoo3vdjLM3/sqr3tdUdHMcLQ008xYMEnwbDLsRRgNkWMEC6r3RmssP5YrhHe2eR/0v9xh3d3VpiQR+KOCsXU62VcdsitVpJW37l0+1/v2YjLe3760Uq9nbT57Km6Yye404VKvhDPFYo0C1xMsd+qtV2tcMu12Z4E3auiGluIpG43A5CbWURurwFfWpROYjOC7Dagbwua0Oj2XvKKmnqzPDM5gsU8PaS4mVs6/SxdTaRr63RxjTuRu8K6QCuOVTnYoI5+McvAnzDtGadXSB4Rut3/4JOGU+TQXj5STcR3QxIqNDhyuesqlXNxkZzTTwynM8H3lMtXReD1UUnVI0dFauYM8+rYcsfPLbH06ro0ucmvBPcrF67J16P4hvz5hTTgvuRoXUJ/zIdkK1Umn3U+FxkeRVO6mOdxka3TKLU10xhhy6iw+AuadMwTaAfEOCb/RY7kpfSyWiyVUsoOwuMY4+BwP0PyKrTrcWbNWohNDCniCOqDDJnKOCL84psPidLjw25jpMwEfxvsi+aLe1PkXnMe9qanCA0eBs7XHJBuUccIGcW44GrMXOx4FjYE9IFjN/PZWFYU3Tg5ic08JBHiNwB4YE+XG/CGd/Aden+rgzmdYgNAY2xcAX+Q3AQVxzyV9ba0vjQJljr6p52RT4M5DnBVAST7KKXQSGdBrSC/pYfO6il3gkQVlzgWuPCaaWRRFokVJR54G9n2vc+ydoQJUqAWlHFAtjKvUa5rtB9l0arTMyGlnJZRniHNO/KiSaeDR0tF1b4J4bE6XEm4KeUGy1Z492vMj7/wAgPEA2ZTKokh4+tcEsECHNI3BlSuK24L90a6qHE9loePDNvwqNUNthxKX1gWLY6m1t/DyOq2INE2oi8ZRzMKjXUtQOnkdUUOZFByyi3IGtrNOoTx/dT3TcEkgJSyhJn2SVnVdM6aXB59FXnrJVLdB8lSie5tSX7BmVZG2g2W7n6qrDXWOWbHkuutRRoMwx1PugxxiRAlUddJWL6TR8csS3HjfbrJG0nitS+EnxACwPVVtJdL7ZFzVVL74mlfFbCMm4srdrwijHPIRm+QasOCw8KnXqpReGBXdKPZ5uyq+mXUniL/RWobXLci3TJbskqZu0dCrV7TqZu3zUtOb/AC0f02+i4mmSjqU/1OVqeJmQzSnFZwPK7uhpo6vQNNtDjsrid6ZPouV87pts1NGF5Sj47sr2aULE0275Y7fyUIZysGK7RNH+4Mci69Eo6Sf4Oo0KzLD/AAAgWVr0bMVhYKK9GWwOtlX1C/lspa2v+Sx/QPgA/wDt9SR14j1HRcxNcmVB8GczXLtLtQHt0UtdnGGPj2Lq9YwBPPtbyU8Y9jTs4SO0jsRaNv0TSHhP2hlgMSCRqIafPb2Krzrfo0KtWmsS7HRxjGXdUY0DYCCTO9m3KZVyb4CnqK0uWL8VmjnE6LNMQY8UDaTx6JbF7K8tTJ/bwKMRqcSbnqSpo4XBQnl8hmViPVR2vkaK4G+Ep6WkzM3/AEUUpZYSXAdRdFOOSR9UHcgukMC7S2P5AQdsL0CPO3Ugn5o+xgXu4bJ3Jn2RN5YICaeolSdAhFTKzTZr1fJdrfo4QjmDOe0XnnGfxzj/AFFraVQiQCVThprZx3JHQT89RXw3yAuqnVpggqrJyTwyWvyD1D+l8BNKijSNmulRWZMZ4D4gl7Kl0Ha8I2eHzlzaYb0sEvizLcRx8OpvJDFdoC8CneUc57UZ/kNP8CwH0qsUIJkxB8kqbW+TnZF+RPdRYCTZvzI81ck/kKVlm3s1dN7cRSBHO3ksu/6ZYYVD3YkjOZtjalHwhupwMe3VBYoSjwW47pSwxPmrH1wCfDF9+VWjDb0aVUVE5WosqUCHXgQf3UDpalkv12xfDFeUP00Czhu3orbWUQKKTZqcixzX0QD6LMnHDMyaxJoyPbzJAR3jRcdFJRa08ElU9rEGTZYKml87KLXa5xWxFi3VPbtNnhmwAOi5uUnnJQT5Mv2spaaod1Xd+Pm3WmzpvHTw0C5NUiuPOFX83DdTkXm45SkbpoXMeLju1MUYOnWZowmaunEOJ4XfVrk6vQR+tsHKnNVk6TZKr6niplXV/wD1Mfu8LdoEavQfhH3cVyucsw10AOYHNgiDAB+QMe0/dFgdMy+bYXTUIizfuePkrNUntIp9lQbAgfzqU+chJ4Ph0+aT/I+STWgkym5SBzlmgZSaBe23v5Khlss54Ba9IRA6qSMvbI5dHKVOAJtO6fdljYwhrS8LQDtqA+o/dCL0MawaXtHoo1lLIT7OYyv4oNhZo89kcFxkaRTjXySB5AJRGYPigbeQH2sijyxn0UtaYEcom+QcH2HqVqwDYsvT46dbf5hxstMtznFHpGQdmqYpDWBJCzdRqcS2w6RGtJGS+vsxf+oXZ3uj3jBt9R0Ve2lXwc12iTx99mju2SeU+jL4Z8iVmRPQ9Ja7I8hmGqXUnRexgc4WtqICGU2kVb9TOtfSbfLOzTHU9UX3VCd0pM5rV6yy9/UBnKSXFvnKu6eK25I6KlKPJZijoBbY+vCu1PDKGq03aG2R1zTEudZw24Co65qT4INLU4PDC8x0OGqxIHzCza1J8Gw6ljKPP8Vmri9zGi3CvKlxWSJWroCdiHCZMTuEzwHF5BXYktYQ0JlFsmWWO+yGMaWlp8LuhWdqINS5KdqalyP8dQ1sLTcEKr0Rnn2EnD4gsPwk2Uesr3w3IOSysmqpFYEiEFzvLu+ZbcLpPE69JfHJmpo9Rt4ZnMpy6oK3iFhyrfl9RF04yWPI6n5IJG2Yub8dZ8eoi2ZmnltmjFdoMOWVtXDl6BXJZz+TqdHZts/cBhWDYwF4Bg52VLXSxUyhrpYrwNm1QR6deTx9vk0LmTGyRLBIi/6nkpxxA/Cd7WdPwkmfQR9/CPdWM7YkXbF+Ow5bxBP0nYfzolF57CYG3eOikfKBRfgmS5vrJ9jP7ILHhMeHY6eD+3qdyqi5LBXEu8glnCG9ka/xD1RQ6Bl2GMqwQCdr/t9T9El0M+w7D3qzwLe8b/dDJfSOnyTedVXaYBI6T5pLiInzIHpVpfebX9Sf7J2sIXste3U0nY3N+vAR1Ry/2AnLACa5FhxZNjIRr8PSbTMgbL1CTc1g53CUQ93a5rGDb5qlPSRU+WYMtVdKeIREeb50cVTiLhXatLGCePZK99mG1yjDmm6mYIssTW+PnT9ceUdT47yOWoPsMoOWemmdXGcZrjsNpVSCCN0W1PsnVEZLEkekdkO0AeNBNwLrOuq2M5byWi+GeV0D51j+7rCNj0U+nt2xwZ1VzgD18NrlwJAKk/i8MG27eHUsSNGkm4EQq+psbeYkFMPqFgzcNbpc7bZBWn2am7CwKh43S0QtipxlHkpuiUnwCZxk1ZwltlBKlZ4LlemcUA5c91K1RpKaKwWIrHZPEOl2unYqO2tT7BsrUzS5DnmrwVLFY9+ncDMtqcGLu2uXbVW8KGPKcWDF+iWTYsPpg8hYWoqcZ4BcecEK3aBjX6OVdh4m1x3xZaWlnjKD6OJa8SFRujdu2TIHuztZChmLC7SHCUd2itpSmHOmUFk+zrLe+ZbcLpPFeQVsNknyjR0mo3JJ9mMLC06XCCF0MJ54On02pViw+z6vVLW23Kz/ACMuMFHyU+cI6MSYa1tz/CT9IWIlyZmRgysWsJF3R+lh9kyWWLPBRlMyettUTAP4vc3+Y6KSwGJLMMMAYAlzj6gdfYAR7KOLyGxJicPEx5fdSRfILRLL6MEHyifX+ShtllBQQe90mOlh+qrpEjZSLz6/ZG+AUfNZLt9t/X+Ep+kLthbGNkk7/wAJ+ybIgzLwfincuP6T9E036FEsw9WSZ6X/AF/ZNIdFWHFnOG4mPUj/AAil+BkCVyXOaJ5H7n7IorERm+SrEuh1kl0Js3WWO71t16bb9D4OcrlujyB4nslrfINk/wDGQx9S5KUqGn9LHGWdn20RcAqtbq3Pomr21rsF7SZAyowuaBI3RUX9wn0yDUySXyR7R5vTBp1HMPBssLU1/Fa16On8Rr3KKkxm1BuydZ8jsjlBmV4/un6lBZFyRn6mh3LDQyrZl3tRuk7dUFUFHsxLdD8T5NPSe7RDgII3CmdMJEHwRl0ZLNcTVZUgdd/JQ21bEQul18lFfKKjhrBPVVI6hJ4AjbzyNuz+LYwhtT4lqVTTXBp1yTXBrtTXC0KUlTFONwTDuAkwsJiTFYNoMtCBoW0rdgNQltnBDOpTWGR2VKSwwhuKLqZp1Oixr9M65ZXRk20uDM9l1XuqrqZ2OyzNZX1Ib3kWZzS01Z4K3vH2qdaOh0U01hlmDzB1PmyfWaGNmJIfW6FSe+IFRrHvC9tvJSQ06sr2yFTpfmrakb3s9mXeNAO4XIa/Sz0Vu6BhX0y09mAjNsmp1Gl0QR0V3T+ck0otcksNbKKPMcxqnW5s2aYC1bLHYk2WPmlasyJ4fFRA5KquAaYydiPBA3mT5/yyGK5yExlkzg1g5vv1I5+Z+iGb5FElVbNUxfcfPf7IfQQFmOG0nTYjcnzvJTxYmieXYeWE7AGPkL/Un5IJ9hRKa7Y1TaNvdMh2dwjBpMiLJN8i9EadOATG0kdd7fVHLlgou0Q1g3cY/kpl3kQS86ZH5WgdOUKWeQisWabxYD5xZP2xukSY+GhrbXP3/wA/JJrnIkCF3iJB/wAzH2hH6B9g7Drc49DCd8JDdnoGUNhtl6Xf2c6uEPcPUMbqjNLJS1E5JcMT5ji3yfEVNGKSOcd05yxJgDMW/S4aipFFPkl3NJpdGOxzQXk8ysryC5R3nhoR+BcEgbKjA7DR/aRebIvZYX3BuS/HCh1HRU8jFOvJvsEf6ar0ze45GDakJczaCbhXbFmPJfmk48heXOlpB2hYN6SnwY1iwzN542DIspKJNPgOqTXQd2fxlSI1FbVbbXJqQk2jQCoSLlSE8QGqLpgyWG3SQxVnFMbwo7opx5ILknHkxGIee9HqsHUpbGZbCO0A8APKDxcnuwaOhbyhZT2C6ZHTQ5jyWUWhHFEtaS6G2QvIrWssbzVcXS20YnnIR25wbvGf8TvRcTpF/NRzJ4vjT/Ud/wBiuv8ASNKv7UcoqORIg5jiHCPyFAug2O8s+EeTJHkYN1FIJDHCCHj/AKk+/hH6lRPoNFGaNkn/AK//AKCKPQ7DaDQKIjr+qil2EuhZj2z7n9FJEFlNQeEeZYPslFLcJ9Fr9h6hOI+oXqCeBPvKTeEI7jBc+v7p6xpdEM1MTH5vtsmh2Jk2tDYi3h/dL2IBo7D3/ZHIaPRZgBDT5lBMdH//2Q==",,,Psychedelics & Hallucinogens,TRUE,TRUE,aGFPi3MCUFvy6LY2fNJrxc4qradn9ruvqLlo,2026-03-31T16:41:53.752000,2026-03-31T16:41:53.752000,69cbf85e0bb7753a7f80855a,luke@adiken.com,FALSE,5,Blue Cockring,
5,"data:image/jpeg;base64,/9j/4AAQSkZJRgABAQAAAQABAAD/2wCEAAkGBxMTEhUTExMVFhUVGBgYFxgWGBUXFhcXFxUXFxUWGBUYHSggGBolHRcVITEhJSkrLi4uFx8zODMtNygtLisBCgoKDg0OGhAQGy0lICUtLS0tLS0tLS0tLS0tLS0tLS0tLS0tLS0tLS0tLS0tLS0tLS0tLS0tLS0tLS0tLS0tLf/AABEIAKMBNQMBEQACEQEDEQH/xAAbAAACAwEBAQAAAAAAAAAAAAAEBQIDBgEHAP/EADsQAAEDAgUBBgQFAwQBBQAAAAEAAhEDIQQFEjFBUQYTImFxgTKRobFCUsHR8CPh8QcUM3IVFkNzosL/xAAbAQABBQEBAAAAAAAAAAAAAAACAAEDBAUGB//EADQRAAICAQQCAQMCBQIGAwAAAAABAgMRBBIhMQVBEyIyUWFxFCOBkbGh8AZCQ9Hh8RUzUv/aAAwDAQACEQMRAD8AydEtYHPO0fQdPU/osnt4NApwr+8gndxgDgDn5D6o5LHA0eeQvMHantpN+EAT5dB+qGPWWOHYVsNI2YBE9esIGEkLMYXGGC0m/kOB8oUkfyCwjD0AC0cNCBsJIjTGtxJ2GyfpCXLOu8T9I2CaKwsifeC+pT0i/wATvsh7Y/RKjRj0Fymbyx0dczU4SLBH9qB7LzSgyfZRNkmAaqCZMKeEeMkUnzgLwuHAHmo5Sywootp05KBsNItdT4TCwSc3S0kpLkTFdOXuU3SI+xmylAULlySJEX00siwVindLI+CXdXSGZI0k+RsHdCWRYO92EmxgTEthFETEtYy5S+iMNw5gIGOglyZDsEqo0xYF9a5hSLoAMo0YCjY50shJCKWC6diOVnWSQiqmiYyKQ3xSk2I7UF0I5W9qQgirTGkUxu4XPl09h908Xh5GayXVqIpgOi7QQxtrk8lMuR3wXYdmljqhuTPumb9IRbXxPgE2HTqd/lyUyQQLgAXu1HzM+SKXCwDFc5LsXWIlrfidY+SGK5ywm/wRbDG39vMlN2x+gvANtqI+I/QcpS/AyRVWa59QmNoDfdLOEJLLC6o0jyH1KCKywmWNGx9oT2Sy+B4xwXYxvgnohisjvgow7JMAWG/qppy2rCI4rLyHd0q5KkWMpJDltOhymbEDZrYABHBZAbKcBh4E9U85Cig0MUIZF7ZT5ERdTT5Eca2SnGLCxIRB1NIYgWpDgmNdDVJACQsoU9RRyAQxZhlG2HgqrMTpiA3jdEhmCMZJRsBB1EcIchYO1xARIFlTGWlMxICxO6KImfUzZOxj6kN0LHIASUhFbmpDDPK8MDNR2w+u6Fv0EcoDvnkn4R16f3j5BE1hDdhWJbq8IsIkno0fr/OEC7CwA4+mC5rZsLAfU/oiiCyVJxaC4CA2IP5jwPTn3TdsLpF9Cnu43n6HlKT9CSPvidEWb9/5b5puhdstxLC17Wg77+Q6JlyshBWHZcngfwlA2EiPxmZsNkXSB7YVRp3k8XUTZIDYl7i8D/EnhWKoqK3Mhm8vCGNHD6BHvKhnLLJYonTYSUGQgho+iQxcGphCLE1NbifOApo8ICQ1osgAQo5PIaR17UI4VleXOqujYDcqWml2MaUkhycrotElpPmeVe+CuK6GjGUnjIM/KmOHgGk/RRy08ZLMeAnFx7FeJoFhgiFTlFxeGMDvaSiS4B9g2mFGEKM2eZgKetEUivANMp5sZIbubZRBgVZpToQPVbZSJgsrwuG5SlIZINZShDkcDxDpKlQDJxAQZHwLcULqRDM4/ZIR9Nk2OREGugJmJHGCU+RF9Ss9zAynTeRtOkget49FYho7Xzgglqql7CaB7lpNXwtABcXAgHgDzJP0AUc6LM4cQ43VtZTQlxXaunqOlrnjeT4ZPHsLfVSR0kvbBlqF6Qtb2hdqLu7mdpJsOeLndTfwiaxkBXt9ItrdpHPABpCxnd37JR0cV7Hd8/8A8lp7VvEDumwOJdv12TPRx/I38RJLlBGX9sGN+Oi7qS1wJ+sfwoJ6NvphR1K9oa4TPcPWqE95pJgNDwW/Xb6qCWnsius/sSxug32P6xa1mkFsx+YX/n6IK9HfN52v+vH+R56mmPG5FOGa0AeIfW/0U0/H6h+v9QI62n8/6F7qzI8LgesHnj91WlprIv644JlfCS+ln2Cwl53jr1KaxhQQ0LBChJTlKjEwD8kPLFwX4diZyHKc0r6KZ6mwTx5YLFWAw0uE+qlb4BwOGsUGSTB8GTZLI6Rq8voinTA5hbNEVCGEQYbkTe9osS24kAnkeSkbiSqMnykB4LE2d8MjoNlHCfDJrauURzfCB9ME/FG3KjvgpRy+yKMctpGXNcAeYVTGIkP/ADAzXyJULJBLmF3+isw4iQy7DcupWlRSDQzLbKMLADiWokIAxL7wpUiNhlJnhQDnKuycYAp09RlHnAOCddpAhAmELXNMqXIBGoeE6YmdezZMIjWpQEhEqAgIWIUsy0uIdVq1HifHpdcDyXRTpko5i+SO3x7jXmDyyePo6HtZhK9R7C0lwqSWDoCDa6hrjbLiSKlGlssbTjgGbgKT3QWd1Wj/AIz/AMdTzZ+U+SkUEnySVr4bUro5RylpA3AvF4BBG4I4VlSijehfQo5UlguoQTAeyfUI4yi/ZJXqaZPCkhiMnqPEFu/XopXBNYLkq4zjh8plmR9h6uJbUpSxrqDwRqnxMePhJF9xM+azZQhXLbJ4bf8Ac5Nxrrsdcu0/7r9x/l/ZHD4d7g+me8pgOJLtVjtpi3CuQprXOC9XXpJ7swf0rPZoKOEpNaP6bJgbAfdTqK/BoVaWlRWIL+xRimMcI0N+QH2RbETvRUzWJQX9jN0+zoq13UhUcxxZ3lJ24Gkw5rhvyIIWN5K16VKSWYvtHMeS0q0tuIdPlBmRZuMLW7jHBpdPgqBwNM/9wNjtvCpVV03fzIp/s/QqNVlbZM9CbmIAbsWu3j7t/kKw5pcF5UbuUF0ce15LdXiBtLbQAfykfokpp8ZAlTKKzgpxWWUSZDgzk+Vunqqtujqk8rgeM546yY3PqRFQiQWjY+XNuCqEqtksE3Ps+y+nbV8lFIdBpCiDJsbeUgkPatYw0t8gtWM24poeuKeUwPMg74m7hDdntFrT7ftfTPsrrHS8vi8TxA8+EqZvDchtTBZiolrcSzQXOMASLGZvZO7IqLcgfim5qMTI5xHeFzRDXcKt8in0Qaqh1yWRY7EwCm25ZVyL6GLmfMqdrCI0+TR4MAMCqSZMi+seiFBAL5KMYC7jU6Spc4RGMGUSQgyFgpxlOAnQzBcA3dKTGR9i0yHYuG6kARANlyXoXs+q/FCddCZ9X4ToZnS2ELHAMrwL3ue2npDmgEAzL+sFdFbc6pJY4A1OpenmljgI7t5sxp1SGmx8Bm7iB0U7m3DdDkuWahuj5KuRg3sg99HvatUF4dLWi7hHw3Gyz5arDxIwrddOxbZCutjDVa+pVwrX1aDw2taCWGzHxyeFFfVZqPqqk0R10Sm8Qf8AQ1XZzAYKuATTpTtpc0NcDzYrDsWuol9UmV5xsrliWUa7E9l6ZIfh3aOC0y5p+sha+n8tKKxJZLmn8hfT9kuPwwzIskGGa8l2p9Qy50QLbADoFV1Otdtin6RBO2U7Pkl2J+09Oo14rsaXN06agFyANnAcrpKLo2RU48o29LaoT+Rcp8MTUMQHXabdP7cK5HD6Ohp+OSzW+CrEkh7C97m0ph+iJE7OkjaVX1UrIQcoc49FDykr6oqyt8LtL/JpXdn2UadarTc99U0nBr3EEgQSA2BAvC5C7XWamyKs+3PRymovndLdN5PPaOWU3Umy0GWgk8knczvK7KFUHBcHZ6TR6ezTRTiuieWZlWwLgRNWhN2E3aJvpVK/SY+pGfqdJZpVmH1Q/wBUehZV2gpV2h9F4I0ku1QC0zLgW7kwbKhNuDIqlC2OV/v/ALFeKzCCdLBLjvJJMDeD8Psqc7kukaFWnb7fX+/6mfz+uQGAm5kn0t/PZQqWeyDWJRwkW4bEWHQBVZIgiwunXQNBJhVF6ENDPL8VA09Vb0tu36WNKOXkprOhzjKnbw2XoRzFYItxbAyCB59HA7gplbFR5HdE3PK/9AhrtbLWEFnoIvuB5KtK1R+lPgsqqUlul2Js6qCQAP8ABQQafRR1zeUmZ3GuhrlZh2ZkhdgXXA6qWfRFE2FAWHoqTLKOmoSU2Byuo6AZToZlWGpTdFJjJB7XoMj4AMwcpogMtweGhiCXYkCYxm6eAmLqbEbYKPqbblJiOMbJKQgeoJcEXoF9ncQ6CmQ7Cq2VOo1zTLiHM8THixLSukplHUQ+pBaWcNZW42LlDDKKzmh9Qh5D3XeRYkW9hZS0zrh/LQelt01TdUX/AHNF2Ecwsewga21HG/5XGRHkszVwxY36MTW1OFzyL86wYGatptADcRRc2oODYwfWym0re0hrnKD3RfKM1jsixGHAc9or0x/7jPiAHUI69VGTxJGpX5KNjxqIpjzs3nQpBtSk/wAMgOYSSCCYsDsUWq01V1Ta7JNdpdNKn5qeP0PVIkLlXyYoFiaKarUW6eWYP+gULJVvMWJcZ2fo1DqA0P8AzMsffgrao83H/qxaf5NCrX4eXlP8oW4jspWcCzvmljrElviA9jEqbUebqUMQ5ZYv8rKVThnOf0NfRogNDdwABfmBC5fOXkxTzzNMu/29Z1IiGPJdTPFzJb7LsvFaxW17X2jqPB61bfhk+V0LquHvELWaydG8NC/A5G7vnCjUNOrGumfwuj4mH6fNYPkpLTtOSzF9/lHG+Rrlor99fTGmAzh3ed1iG93VHBs13m0rKtrzH5Knuj/g19B5KvULZLiX+SvM3GpXImzAB+p+pPyUcftINXLda8euC2m/gen7oGskJJtcym2iTGGHxKBxJFINoVkLWOiRMYUavef9hv5jqrcZb/3LFU9vDB8QyPCfW6hnxwy/B5+pAL2DcmAPlAVSUcss7sIzGIzdr6zwDI2B9FZhFpGFqpqVjwDZoBoJ6qxWUZlGVUiXCAisYMEaygyBdVJMmiV1bHzKZBAuOfAHmpYICTLsC0oZiiFhiAIWVx44UyfBG+xrRb4UA4txjN08RMDZSGkos8jFVOnAPmnbGRRSaRMp2I+Y28pMZA+JdJToTHOFL6r3uhz3MADj0HAAXTxlVRLb+Qo26fR2bEsZGOCquYCWEafxNd8J6+hR3aeFi3BarQ1Xrenj9QfLnh1VxHgJPhi0DyPKVUIuO2XIOlprnX8djUhnkVIOzPU95e5lM734j9SorYRri9pkayuFdrjFcDbtpm7aNHuqbQa1bwMaPO2ojoFnUVb5FWMNzwjHYzsmcMylWpAudT0uqNOziLk+q0bKd0HFcGhZR9H0npnZvOWYmkHsPqOQeQQuVnTKqWyRnrjhjLEs8JU2lqjZbFMlqipSSZ5lWxtfvH1A9w8RAb+GAYuPNdJdoKr4Ykv2Ogq8bXqaXJ9+v0Nh2fzYV6Yds4WcOhXG6rTPT2uEjnba5VTcJdoKzTM2UGgukl1mtG5KPTaWeoltgKqudklCCyzO5lmtKu3RXpOY3h4IJaeDbZay8XqdM/kref0L8/HaqjFmOvwK8RltVgBjvWHZ7N482rW0/koy+mzh/qbGk8xwo2kcky+o/EsqBrmsph0lwiSRECVn+Z1Ndlfxw5bKPmNXC9xjD0GdoqmDfNKsQ5w/KCXNPWRssbS6TWQlugmY9dF0nmuLMlTwxo6jTd31M3O/et9WndXpx3cWLZL/AEZdr1M6ntuTX7hmFxTHgljgfLkeRHzUE6pw7RejZGfTLIt67KNBhuVYV1WoGN5uTwB1KkhW5vah3LajTYbLadMkvdrjc7NneAOVbjpa48y5HTlLotZXpEf8Q1DYiAfnwjSq9RJPjmn9wNi2d6D3btL4sHjUD9iop0xn12WI3WVd9HnednFSadZ2nyFgR1B5CpSioPDQc75SXYpw+F0lO7MlNxGlakSGg3UkPyQzGeS0YJKC1igOQ23nwoGSoqpxMcphwHH05cJBU8OERSGNOnpAjooZMNEybJLsQs7suqD1U2MIj9j3uoCiyEKMwdARREwIiGovYxVWMNSXYz6KqlPwgp12N6OFtk77Ehc5t0YI6wDX0K3hfvyNiPMLoq1C9cg0xr1qxLsdZTlT8S2oGEASQXHqd4CKzURpWxA3auNEXRFZNk7IaRpNpkDU1oAIsbcrNjZKMtyMeE5QeYvDMr2fwBw+Z1WuMl9IlhPMEWV2E/ljljzsla8y7L8vystecViyHVjZrfy3sAFYrqUOEXKalBZ9mjw1EkS8b8eXRHksZEmKyd+HqGvhebvp8O9OhVfUaaF8cS7/ACVbqFPldmjybOWV2xs4Wc02IPosJVT0ty3IqwlslyIO0WVd28vA8DrnyK6am1SWUdFodUq3j0zLiu6hU1sMdeh9VHrNHVqY4l/cv67Q06mO58P8l2OzJ9ZwqOImNLAOJ3Ki0eijpYtJ5yVNLoFpcy3Zk+i9tIARv1nlaSibMaUo4GPZfGFjzQcfCbs/ULD8to1ODlHtHN+T0eyWUPM+e5tCo5m4aYWT4dRdz3d4MvSrM+TzegQ0NG7n3J5J5JXXQaWF+TsNNKFUIxistk61H8QsRyN/mlbTG2O2ayWb9NXfDbYgjAZTSxrHE/067DpL2WnoSOVx2rut0F2zuD9M4TUVS01zh+AfE5TjcP8AEwVmDZzd48wpK7tLf09r/Ulr1rX3Dns32lwtNrhUJp1SYIcDtFrrQpo2R45z7LS1EJtZ4HFbMKdQS12sOiC3y8lHZx2aOnw+U0V18O4OgmLSQIBAPl/NiopRaZZhOLjwDh0bT/cN2t/LIUw2inG0u/w9SmY1hshxbJEEOAncbQlxOLTILq8NNHmdHH3VWVRW3hlHMQXX4COMcICTyzWdn2vqQxvxPMA9BySo9rnJRQSe1ZNxhstw9MQ7xvA52PWArsaKod8sZRslyui2hi6YaCWsbqjTAE/M7qRWRws4Qb07y8ei5zAR+EwdyANt0b5BSSYNjKDKjYIE8RYqKyEJoeMGmZbH09EjosxxxLA8lgCypup4PRPLgjHOJd4VGgkI3nU6Ea4QinFi4ACePQzKMUPEAniMyirvCeP5EzlR9j6JLsQLTaITsYeZl2TqUj3lCpIH4XHjotqjUuL5MXT6mVMtyOZFnZYSA7Q8bt6lXpQhcuTVl8OrX4kbTD4w16Ln95peGxb9lRdThLGDKt0865bWjK45tfXTxDXS+lf1HIPqFoKhR5Roy8b9G+Jq8kdSxLv9wDLti0/hI3twU+5pYK1UsfTLs0D6UBDknyVUKclO2Ji3OcqYD31Nwp1ByOfIjlDKMbFtkiC2tSXILgO0bXt0YhumbSR4T6EqlsnQ/oeUVa73W8CfP8njx0vEw7jor1GrjYdDodesYfRnMPDXbX+yuxSZvVRrl9URrTqSjJiL3EPpuG4cPqob4pxM7yUE68s37mBzIOxF/dcRG3+H1Tkvycdu+OzKPNc6yw0axaPVnTzC6+qasSlE6LST+TG18rohQq6hex5VyMso3ard0cvscdisLBrVfwvcAPZcV562M7lFejh/KWKzUyaNYHwsSUJwWWngobWBY/K6FYRUpNd5wJ+aOrV2VvMJMYyuYdh9J14Wq6m4XAJt81q0eZl1as/qSQtlETf+oMXhHaMVT1Dh9552cN9ytSEqr1mtmnR5B9S6NBlmcjEscGOEADTMFxd/1PO954UTU19LNmuyqWJx5/IXQw0ixFty6zraZ9Y29kCjwSyseef/AAeUZo0d9VLfh7x8emooMmfZ9zwCYaqQ4nebI2uCBPk90/0+wlNuHpvbJqPbc8idwp9PCCWY9sexS99B9bK6uskgaZ/M0H/CGVU3LPouQ1NW3Czn9gLHvFN16UmLb2HMEWnfZRWPY/tLFK3x4kTo41zmuefC0mGjmN5PySjZJpyfCGnTFSUVy/f/AIBxiYMl197cDzlRuzHskVeeMGb7RYkiOrp+6gS3PJX1n0tIhklXw/qmmimmHYjFWjoo8BpizBnU4kmEbWEMmfTNTqAm/wCUXsref6hKf0J9g9Iy8pPhDeyvG0oNkojsEcUaAbPQ8FhoHieT7rqvjgukVFVBegPNuz1GqJbAfuCLGUeEFtXoS5U6o2sKFTc7O6qOyxwWcDy10q0lJZNFisI5rTqFuvCkr1ELFwaFesruhhPDLcHhhQY3EUj/API38w6+oVBTcZtPo5y1SrseTTYrMabKQqk+F0R6nZWUsstRtWAHCnEV7gd2zz+Ij9FDZqIx4XJFK9v7Rrh8mYLulx87qrK+cvZE8vtnczyqlVYWOaIUSm1ygHE8/wAThsTgHmNVWgeN3NH6hPhSeY8S/wAijJxeV2W/7XD4tuum4Nd081PXr3W9thqabyTg1kF/8PXYYjUOq0Ia6qS7Nuvy8GuRrlGQuLhUq2AuAq2r8jXCDeShrPIKxGoXF2WfJJyfswJPLyIO1mX66WsfEy4W54fUyUvjZc0V7rmjEYg+GRad/wBV09rfxtxOu1Em9O5w7wbrLGMZQaG7aVxGkrd+txZ+TiNOvksSkYnOs5qPrOa15axhi25K7L+GhatrXB0+l0ENRnd9qGXZjPHFxo1HarS0nf0XIed8fDTfzIcIxPJ6FaWzEemaM4iVzqsTM3AJmVJlRhY9ocD1W34SMZ6lJljSVxnakzyrNqDsPiXnCyAyJE78n2XXW07m0ka0dNYpOVK6H1HtdTfh3OI01WjSW8ucdnAesrIug08F2jUxcW33+DJUrtvwN1D7KzNX/p72OGJ/r15FEOhrQYNRwNyTwwbdSfRWo155fREj1zBOYyGU2hrR+Foja/6KeLS4igpQ4yyNTFHUZaL2AuDf1QuXPJNGpYymfOA0naNiDAnfk2P3lC8JCSe79TKYvE904MjzaRcEenPnKzbLPjeDYqr+WO7+4N/uZEnbcyq7m5E7goIy+aZyytU8Js2wVmCwjC1U98+BllbIYPO6CT5IEiOLr6QUkhEMqcNJLt0p94CidoPMuPCGQ6IgbulJiRxjQAD1TMSK61UF0J0sITAu7klSJgNHo9HCB27iteU7TCcrBnQy5nVR/LYvYlOS9ibtP2Y1N76mYezxCPJHHUSfEhSnJ9huR5/SxGHh8a2iHA9Run+KSlmIdVdj5ihUXS1zWmxm3ktXYpRWezoJURsqW5cjXsbh+8oaKniFN5iegMhU9T9Kwjn7IbJOJtWMAFlREVvcBuhwCViqDymGyQq02uEESmGMvmvY1pcamHd3b97bH1CJtSW2SyhnHgWNzarQIZiWkcB4+E+/Czr9C/uqf9AOV0PsJi2vEtMrHmpxeJjqQawpohC3tNiQyg/zC6fxOk/6jL2kp3Pcech3hg8rqIr6cHcUVJVKLHfZTHlwdScdtlymshHS6yNi6ZxutpWm1fHTMvm7DTrPaeTIXSUWJ9ezo/GXRWY/koyisRiaZ9Vj/wDEKUtMyj/xBhxTPQWOXnbOWOvNlf8AH6p0XxmSUz+Oakee9oqRp4lxO1SIPmOF6PTdGT3R6Z1egvip/pIR4/L9XjZ8Q+qbU0KSyg/IaJSXy19gFPEQ1xPTbzWHOvEsGVCeY5Z7ZkR00mUWmdFKm1o/MS0SY8zJUqfLSLSglCL/ALjPLMS9j3sA1PvLvwiCPL12Sg2m445CthCUVNvj8ewunUebOuBJkkW4t5kzyiW72A1BfaU04eHWOloJiYuDd07g72Ue3enkmlJwax28ciDHtbpJMw0yDYkDmw3/ALKi61J4ZoK2UfqSB24qiGWaXavxPm9xYAc/ZXK66oLhf3KNtls39T/ohdj8soVd2aHH8QsQR5/iF/oikovgruvJGjU0yw3MWI2LeCqE4uLI2scA+NLWi6aILRKlo0koW+Qkj6k2GeRuEnyxdFQENvyl2xvRdWp+EEbBCnyOL2vAlx9kbXoZEaTZk9U4j0Ok9p/suqU4SKMbISDNEizknXF+h3VB+gcY2o1xpuuCN1BPSRfKIJ6VejHZaNOJrN6mfmrVEdvBp+Li1mLHNTENp0iTv9iFG3KNv6EVkrKL3n7WbDsxQ7rDBzravEfe6q6me54Mq6alNyCm5xNmtJVXaQ7zhaXGXugdEhdkjiqLdikoSfodLPQPVztg4R/w836D+Of4F7u2tAGJuOklL+Hn+AHldn1TPcNiWEEBw80/8NZ+AvjlLpGHzWu7CP1UNRZy3ce3RR26JWrE1yN8UvaNJ2d7U064iYdyDuue1Wjnp3+hG04vkt7WgvoGFteI1kXHYzT0NyTwzzg4r6LqIzTjk7aq6Mq92Rr2WeQX1Oq4f/iDUKdijH0cP5W75b216C85wAxAkWeOUWg8wq4bbfQ+m1mxcinKciqMqh9QiG7KLyXl46iGyIOt10tRwzU0nrnJIoIKebKWqidrxBchpNvCE2bYOnWYWu9iNwV1fj6Nbp47ZLMTR08LoeuDOs7O4gEhjmOHU7j1W0tWvtbx+5qLX2pbc/3M32nyk4Z7WEzrGonieYVSydcm9ry0Z2Up4z2ej4TFaodJAfSa6J2IaJHTr8iqrf1f0N2CzWh1k5qPLnEhrSBMWJBDrkA9Dz/iStSllshvcIJRissaMxDXCS4hjYBnkAgQJmST90e5Yzngh2tPGMtk6OLY5w3Igm+5Bt7/AIt+iW9NidcoxYh7QERUawyNJiOumxCoXSW/CL9CbhmS5Mdl9c1J2BBEahG1z1nzn0UsZZAsjgYVHUC3VUqObpJ0uAMAuA1NdO4+tvZG9r5bIsTziKOY+nootrMcC0x11BridJI422UdsFtUkyva88NcoV4jFAkTflQKPBA2HVsSSyIABhR45DyTxWzQOiZdiZXiAJbPATrpjMKru8EbSEMFmQ7fAqxbIAHQfdSLsF9E2mGj0QsdDfBYmswwRqHlut6EVLpnPxWXwxvUzotbPTg2KswjKJar+RfqAVO0JqfCCCrCkmWlul6L8pyzVqql3iKrfxOyeGLT6p0TakjlOkK1VrDsDfzhWbLE47ibyGrjOGI9nobmSxtMbLIlPczFA8wxWmKVJsu+ymqp38sKFbm+CmlgKj71Hx5BW1XCPSLcaIxOVhSp8SUaTYUpxguTO5nmEnSAFo6fSKayyvLU5+0GpYUN8emZ6Kf4IdFaXPLLspwrKpIpuDXzcdPZLUJQX1xyiOOr2/a+ifaTAVKTRqaHt5c0XHqFiPU179pf0+q+VfUsCjHZQ0sFWlZ4vI/UIraY2xw0Wp1RmizJ+0GsGlVs8WI6rjNfpLNJPfWZsoyqeADMcha50gwDulR5nUNbUizDW3JbUwqk1lNgY0hZ1vyTscpoqSy3llmHcoZoELKhHIzCLGRAWfZoaVAlu/C67wVEY0/J7NTRQWN3s8/xOd1w+O8cTvbZbTnJPBbm3GW3lscZL2seLVPEOTyPVQanTw1MHGa/7gzrVsS7t+W1KNKs2DDt/VYGgonpr51S6a4M2EXCzARk+MDsK1gdwGwZiebiI69CCrtnWDqNLJNKX4OaqgtqJbABjcgTxJt+6qNvrJqR2945HeWVjaLh8BwOqBzNzd3M+amhIrWx/wBBoMxaHOgkk7HcydzPCTu5eCNaduKyK81xIbTdySNIA5JEAfzhQpZZO3iImy976bQIDidtY1NEwAYM9eP7K1ByRQsUJPI/wb6TntNahTcwSXMa2NgbtaIbqkx+t1YW19orTjLGISYm7S12aC2lo7s6iNBMgtNmuBuIHte0qvbNPhdEjhL45bs5/UzNF+p3yCB8Izxs4y5tObblR+shfoHPeC4cgBReiQnQGtzjw0QPVJ8IXsorVNbmN26p4rhsTI4hup4I2m/snXCGZDEVhKZCHGGx+lgc7cDdb0Y4OeSaYsrZzrmwVqp5Ok8Tp42L6iqjXM+EwQlKaiXdRdRQ9uCzDZxUYHaXW5BUM9smZ9t2ntYXkudDvGfmJgo7JL42irqNH9DnA9Udi9NIP8lnVpt4Mgoy2o0A1HXJWsoYW1F6CUIgWYZoS8NGx+SmjWRWajHCE/afFmmG6RqLun6qzXS9rljoo3vdjLM3/sqr3tdUdHMcLQ008xYMEnwbDLsRRgNkWMEC6r3RmssP5YrhHe2eR/0v9xh3d3VpiQR+KOCsXU62VcdsitVpJW37l0+1/v2YjLe3760Uq9nbT57Km6Yye404VKvhDPFYo0C1xMsd+qtV2tcMu12Z4E3auiGluIpG43A5CbWURurwFfWpROYjOC7Dagbwua0Oj2XvKKmnqzPDM5gsU8PaS4mVs6/SxdTaRr63RxjTuRu8K6QCuOVTnYoI5+McvAnzDtGadXSB4Rut3/4JOGU+TQXj5STcR3QxIqNDhyuesqlXNxkZzTTwynM8H3lMtXReD1UUnVI0dFauYM8+rYcsfPLbH06ro0ucmvBPcrF67J16P4hvz5hTTgvuRoXUJ/zIdkK1Umn3U+FxkeRVO6mOdxka3TKLU10xhhy6iw+AuadMwTaAfEOCb/RY7kpfSyWiyVUsoOwuMY4+BwP0PyKrTrcWbNWohNDCniCOqDDJnKOCL84psPidLjw25jpMwEfxvsi+aLe1PkXnMe9qanCA0eBs7XHJBuUccIGcW44GrMXOx4FjYE9IFjN/PZWFYU3Tg5ic08JBHiNwB4YE+XG/CGd/Aden+rgzmdYgNAY2xcAX+Q3AQVxzyV9ba0vjQJljr6p52RT4M5DnBVAST7KKXQSGdBrSC/pYfO6il3gkQVlzgWuPCaaWRRFokVJR54G9n2vc+ydoQJUqAWlHFAtjKvUa5rtB9l0arTMyGlnJZRniHNO/KiSaeDR0tF1b4J4bE6XEm4KeUGy1Z492vMj7/wAgPEA2ZTKokh4+tcEsECHNI3BlSuK24L90a6qHE9loePDNvwqNUNthxKX1gWLY6m1t/DyOq2INE2oi8ZRzMKjXUtQOnkdUUOZFByyi3IGtrNOoTx/dT3TcEkgJSyhJn2SVnVdM6aXB59FXnrJVLdB8lSie5tSX7BmVZG2g2W7n6qrDXWOWbHkuutRRoMwx1PugxxiRAlUddJWL6TR8csS3HjfbrJG0nitS+EnxACwPVVtJdL7ZFzVVL74mlfFbCMm4srdrwijHPIRm+QasOCw8KnXqpReGBXdKPZ5uyq+mXUniL/RWobXLci3TJbskqZu0dCrV7TqZu3zUtOb/AC0f02+i4mmSjqU/1OVqeJmQzSnFZwPK7uhpo6vQNNtDjsrid6ZPouV87pts1NGF5Sj47sr2aULE0275Y7fyUIZysGK7RNH+4Mci69Eo6Sf4Oo0KzLD/AAAgWVr0bMVhYKK9GWwOtlX1C/lspa2v+Sx/QPgA/wDt9SR14j1HRcxNcmVB8GczXLtLtQHt0UtdnGGPj2Lq9YwBPPtbyU8Y9jTs4SO0jsRaNv0TSHhP2hlgMSCRqIafPb2Krzrfo0KtWmsS7HRxjGXdUY0DYCCTO9m3KZVyb4CnqK0uWL8VmjnE6LNMQY8UDaTx6JbF7K8tTJ/bwKMRqcSbnqSpo4XBQnl8hmViPVR2vkaK4G+Ep6WkzM3/AEUUpZYSXAdRdFOOSR9UHcgukMC7S2P5AQdsL0CPO3Ugn5o+xgXu4bJ3Jn2RN5YICaeolSdAhFTKzTZr1fJdrfo4QjmDOe0XnnGfxzj/AFFraVQiQCVThprZx3JHQT89RXw3yAuqnVpggqrJyTwyWvyD1D+l8BNKijSNmulRWZMZ4D4gl7Kl0Ha8I2eHzlzaYb0sEvizLcRx8OpvJDFdoC8CneUc57UZ/kNP8CwH0qsUIJkxB8kqbW+TnZF+RPdRYCTZvzI81ck/kKVlm3s1dN7cRSBHO3ksu/6ZYYVD3YkjOZtjalHwhupwMe3VBYoSjwW47pSwxPmrH1wCfDF9+VWjDb0aVUVE5WosqUCHXgQf3UDpalkv12xfDFeUP00Czhu3orbWUQKKTZqcixzX0QD6LMnHDMyaxJoyPbzJAR3jRcdFJRa08ElU9rEGTZYKml87KLXa5xWxFi3VPbtNnhmwAOi5uUnnJQT5Mv2spaaod1Xd+Pm3WmzpvHTw0C5NUiuPOFX83DdTkXm45SkbpoXMeLju1MUYOnWZowmaunEOJ4XfVrk6vQR+tsHKnNVk6TZKr6niplXV/wD1Mfu8LdoEavQfhH3cVyucsw10AOYHNgiDAB+QMe0/dFgdMy+bYXTUIizfuePkrNUntIp9lQbAgfzqU+chJ4Ph0+aT/I+STWgkym5SBzlmgZSaBe23v5Khlss54Ba9IRA6qSMvbI5dHKVOAJtO6fdljYwhrS8LQDtqA+o/dCL0MawaXtHoo1lLIT7OYyv4oNhZo89kcFxkaRTjXySB5AJRGYPigbeQH2sijyxn0UtaYEcom+QcH2HqVqwDYsvT46dbf5hxstMtznFHpGQdmqYpDWBJCzdRqcS2w6RGtJGS+vsxf+oXZ3uj3jBt9R0Ve2lXwc12iTx99mju2SeU+jL4Z8iVmRPQ9Ja7I8hmGqXUnRexgc4WtqICGU2kVb9TOtfSbfLOzTHU9UX3VCd0pM5rV6yy9/UBnKSXFvnKu6eK25I6KlKPJZijoBbY+vCu1PDKGq03aG2R1zTEudZw24Co65qT4INLU4PDC8x0OGqxIHzCza1J8Gw6ljKPP8Vmri9zGi3CvKlxWSJWroCdiHCZMTuEzwHF5BXYktYQ0JlFsmWWO+yGMaWlp8LuhWdqINS5KdqalyP8dQ1sLTcEKr0Rnn2EnD4gsPwk2Uesr3w3IOSysmqpFYEiEFzvLu+ZbcLpPE69JfHJmpo9Rt4ZnMpy6oK3iFhyrfl9RF04yWPI6n5IJG2Yub8dZ8eoi2ZmnltmjFdoMOWVtXDl6BXJZz+TqdHZts/cBhWDYwF4Bg52VLXSxUyhrpYrwNm1QR6deTx9vk0LmTGyRLBIi/6nkpxxA/Cd7WdPwkmfQR9/CPdWM7YkXbF+Ow5bxBP0nYfzolF57CYG3eOikfKBRfgmS5vrJ9jP7ILHhMeHY6eD+3qdyqi5LBXEu8glnCG9ka/xD1RQ6Bl2GMqwQCdr/t9T9El0M+w7D3qzwLe8b/dDJfSOnyTedVXaYBI6T5pLiInzIHpVpfebX9Sf7J2sIXste3U0nY3N+vAR1Ry/2AnLACa5FhxZNjIRr8PSbTMgbL1CTc1g53CUQ93a5rGDb5qlPSRU+WYMtVdKeIREeb50cVTiLhXatLGCePZK99mG1yjDmm6mYIssTW+PnT9ceUdT47yOWoPsMoOWemmdXGcZrjsNpVSCCN0W1PsnVEZLEkekdkO0AeNBNwLrOuq2M5byWi+GeV0D51j+7rCNj0U+nt2xwZ1VzgD18NrlwJAKk/i8MG27eHUsSNGkm4EQq+psbeYkFMPqFgzcNbpc7bZBWn2am7CwKh43S0QtipxlHkpuiUnwCZxk1ZwltlBKlZ4LlemcUA5c91K1RpKaKwWIrHZPEOl2unYqO2tT7BsrUzS5DnmrwVLFY9+ncDMtqcGLu2uXbVW8KGPKcWDF+iWTYsPpg8hYWoqcZ4BcecEK3aBjX6OVdh4m1x3xZaWlnjKD6OJa8SFRujdu2TIHuztZChmLC7SHCUd2itpSmHOmUFk+zrLe+ZbcLpPFeQVsNknyjR0mo3JJ9mMLC06XCCF0MJ54On02pViw+z6vVLW23Kz/ACMuMFHyU+cI6MSYa1tz/CT9IWIlyZmRgysWsJF3R+lh9kyWWLPBRlMyettUTAP4vc3+Y6KSwGJLMMMAYAlzj6gdfYAR7KOLyGxJicPEx5fdSRfILRLL6MEHyifX+ShtllBQQe90mOlh+qrpEjZSLz6/ZG+AUfNZLt9t/X+Ep+kLthbGNkk7/wAJ+ybIgzLwfincuP6T9E036FEsw9WSZ6X/AF/ZNIdFWHFnOG4mPUj/AAil+BkCVyXOaJ5H7n7IorERm+SrEuh1kl0Js3WWO71t16bb9D4OcrlujyB4nslrfINk/wDGQx9S5KUqGn9LHGWdn20RcAqtbq3Pomr21rsF7SZAyowuaBI3RUX9wn0yDUySXyR7R5vTBp1HMPBssLU1/Fa16On8Rr3KKkxm1BuydZ8jsjlBmV4/un6lBZFyRn6mh3LDQyrZl3tRuk7dUFUFHsxLdD8T5NPSe7RDgII3CmdMJEHwRl0ZLNcTVZUgdd/JQ21bEQul18lFfKKjhrBPVVI6hJ4AjbzyNuz+LYwhtT4lqVTTXBp1yTXBrtTXC0KUlTFONwTDuAkwsJiTFYNoMtCBoW0rdgNQltnBDOpTWGR2VKSwwhuKLqZp1Oixr9M65ZXRk20uDM9l1XuqrqZ2OyzNZX1Ib3kWZzS01Z4K3vH2qdaOh0U01hlmDzB1PmyfWaGNmJIfW6FSe+IFRrHvC9tvJSQ06sr2yFTpfmrakb3s9mXeNAO4XIa/Sz0Vu6BhX0y09mAjNsmp1Gl0QR0V3T+ck0otcksNbKKPMcxqnW5s2aYC1bLHYk2WPmlasyJ4fFRA5KquAaYydiPBA3mT5/yyGK5yExlkzg1g5vv1I5+Z+iGb5FElVbNUxfcfPf7IfQQFmOG0nTYjcnzvJTxYmieXYeWE7AGPkL/Un5IJ9hRKa7Y1TaNvdMh2dwjBpMiLJN8i9EadOATG0kdd7fVHLlgou0Q1g3cY/kpl3kQS86ZH5WgdOUKWeQisWabxYD5xZP2xukSY+GhrbXP3/wA/JJrnIkCF3iJB/wAzH2hH6B9g7Drc49DCd8JDdnoGUNhtl6Xf2c6uEPcPUMbqjNLJS1E5JcMT5ji3yfEVNGKSOcd05yxJgDMW/S4aipFFPkl3NJpdGOxzQXk8ysryC5R3nhoR+BcEgbKjA7DR/aRebIvZYX3BuS/HCh1HRU8jFOvJvsEf6ar0ze45GDakJczaCbhXbFmPJfmk48heXOlpB2hYN6SnwY1iwzN542DIspKJNPgOqTXQd2fxlSI1FbVbbXJqQk2jQCoSLlSE8QGqLpgyWG3SQxVnFMbwo7opx5ILknHkxGIee9HqsHUpbGZbCO0A8APKDxcnuwaOhbyhZT2C6ZHTQ5jyWUWhHFEtaS6G2QvIrWssbzVcXS20YnnIR25wbvGf8TvRcTpF/NRzJ4vjT/Ud/wBiuv8ASNKv7UcoqORIg5jiHCPyFAug2O8s+EeTJHkYN1FIJDHCCHj/AKk+/hH6lRPoNFGaNkn/AK//AKCKPQ7DaDQKIjr+qil2EuhZj2z7n9FJEFlNQeEeZYPslFLcJ9Fr9h6hOI+oXqCeBPvKTeEI7jBc+v7p6xpdEM1MTH5vtsmh2Jk2tDYi3h/dL2IBo7D3/ZHIaPRZgBDT5lBMdH//2Q==",,,Psychedelics & Hallucinogens,TRUE,TRUE,XxnAaN7xcSX3IRgAeeRoVjknrepZ4yNvSCIx,2026-03-31T16:41:53.752000,2026-03-31T16:41:53.752000,69cbf85e0bb7753a7f80855a,luke@adiken.com,FALSE,5,Black Cockring,
25,https://www.out-grow.com/cdn/shop/articles/reishi_mushrooms_next_to_a_cup_of_mushroom_tea_14a0a392-a388-4837-8374-364876236344_724x.jpg?v=1773240953,,,Psychedelics & Hallucinogens,TRUE,TRUE,gHLsEAHnAkcSVat62Kn4cLwJ3whsiAZpZnTX,2026-03-31T16:41:53.752000,2026-03-31T16:41:53.752000,69cbf85e0bb7753a7f80855a,luke@adiken.com,FALSE,25,Leather Cockrings,
20,https://assets.bonappetit.com/photos/659dc8eb07e73072ddb39849/master/pass/SHROOM-CHOCOLATES_5.jpg,,,Psychedelics & Hallucinogens,TRUE,FALSE,bMhzSgSdUTYO3ABJbDIhI8LrRUWTqaFInQwl,2026-03-31T16:41:53.752000,2026-03-31T16:41:53.752000,69cbf85e0bb7753a7f80855a,luke@adiken.com,FALSE,20,Silicone Cockrings,
60,https://img1.wsimg.com/isteam/ip/1133c026-3023-47bf-89fc-bab69a8d9ccc/c38ad25d-6f73-4ab6-9801-a3f3565ba783.png,,,Dissociative's,TRUE,TRUE,4ULnTijLXG6lnZwMOjMjqbEcgMuPmwofHZuE,2026-03-31T16:41:53.752000,2026-03-31T16:41:53.752000,69cbf85e0bb7753a7f80855a,luke@adiken.com,FALSE,60,Restraints,
100,https://img1.wsimg.com/isteam/ip/1133c026-3023-47bf-89fc-bab69a8d9ccc/c38ad25d-6f73-4ab6-9801-a3f3565ba783.png,,,Dissociative's,TRUE,FALSE,8FxVyNZvyX0Nj7sqBdCxzHwhd7Zs0bXnp72r,2026-03-31T16:41:53.752000,2026-03-31T16:41:53.752000,69cbf85e0bb7753a7f80855a,luke@adiken.com,FALSE,100,Restraints,
20,https://breathelifehealingcenters.com/wp-content/uploads/2015/02/imgres4.jpg,,,Stimulants,TRUE,TRUE,UYi7Z2QEMqCEUSKGst1PU9IW5GweOxL2huCj,2026-03-31T16:41:53.752000,2026-03-31T16:41:53.752000,69cbf85e0bb7753a7f80855a,luke@adiken.com,FALSE,20,Sex Swing,
10,https://www.bongoutlet.ca/cdn/shop/files/202404301923dy4PwhkpQ2_b42700f6-c8ec-4aa6-9047-a6a7c092f8cf_700x700.jpg?v=1715049353,,,Accessories,TRUE,FALSE,U7vWzJDYBHn7s4lv6sr57QoVkSOprwaeqJ1Q,2026-03-31T16:41:53.752000,2026-03-31T16:41:53.752000,69cbf85e0bb7753a7f80855a,luke@adiken.com,FALSE,10,Bong Stem,
10,https://img.kwcdn.com/product/fancy/b09d05ea-a6fb-4cfc-abd8-ed88c5e74727.jpg?imageView2/2/w/1300/q/90/format/avif,,,Accessories,TRUE,FALSE,1z8zZwP6ec6I7OeivklKoKbMBMgPuTmQBbC1,2026-03-31T16:41:53.752000,2026-03-31T16:41:53.752000,69cbf85e0bb7753a7f80855a,luke@adiken.com,FALSE,10,Butain Lighter,
10,https://rukminim2.flixcart.com/image/480/640/xif0q/hookah-mouth-tip/0/s/7/3-0113-all-of-all-original-imah9ysqcgnftubw.jpeg?q=90,,,Accessories,TRUE,FALSE,0gM1jCB3fqfi7V7bwjAzs656Lss5JrUWNnwP,2026-03-31T16:41:53.752000,2026-03-31T16:41:53.752000,69cbf85e0bb7753a7f80855a,luke@adiken.com,FALSE,10,Oil Burner,
6,https://assets.iflscience.com/assets/articleNo/71185/aImg/71449/drugs-o.webp,,,Pharmacy,TRUE,TRUE,WIi4kEPSTu1EhiqprfUZ4Ine9TTf8z4LMyWo,2026-03-31T16:41:53.752000,2026-03-31T16:41:53.752000,69cbf85e0bb7753a7f80855a,luke@adiken.com,FALSE,6,Midnight Lace Set,
4,https://assets.iflscience.com/assets/articleNo/71185/aImg/71449/drugs-o.webp,,,Pharmacy,TRUE,TRUE,brQgq0UfFJzuCVsuFWyxz6FQsfw2Alvcm5kB,2026-03-31T16:41:53.752000,2026-03-31T16:41:53.752000,69cbf85e0bb7753a7f80855a,luke@adiken.com,FALSE,4,Velvet Embrace Set,
3,https://assets.iflscience.com/assets/articleNo/71185/aImg/71449/drugs-o.webp,,,Pharmacy,TRUE,TRUE,HRdxxedW3vW1l2va0L2VErKPHaJoLTk4ZZdt,2026-03-31T16:41:53.752000,2026-03-31T16:41:53.752000,69cbf85e0bb7753a7f80855a,luke@adiken.com,FALSE,3,Crimson Silk Ensemble,
9,https://assets.iflscience.com/assets/articleNo/71185/aImg/71449/drugs-o.webp,,,Pharmacy,TRUE,TRUE,qKYL5f1o68obTFc2Wwi9yHXWGFev6upOZsqE,2026-03-31T16:41:53.752000,2026-03-31T16:41:53.752000,69cbf85e0bb7753a7f80855a,luke@adiken.com,FALSE,9,Obsidian Desire Set,
7,https://assets.iflscience.com/assets/articleNo/71185/aImg/71449/drugs-o.webp,,,Pharmacy,TRUE,TRUE,KSYBCdbNa6VxE05XiLHCB8nOkxxcZgROqsqP,2026-03-31T16:41:53.752000,2026-03-31T16:41:53.752000,69cbf85e0bb7753a7f80855a,luke@adiken.com,FALSE,7,Euphoria Lace Collection,
5,https://assets.iflscience.com/assets/articleNo/71185/aImg/71449/drugs-o.webp,,,Pharmacy,TRUE,TRUE,MCeTAMhqQUQTY0Nua0GwiNq1taKVKIoyPEPa,2026-03-31T16:41:53.752000,2026-03-31T16:41:53.752000,69cbf85e0bb7753a7f80855a,luke@adiken.com,FALSE,5,Soft Touch Satin Set,